# layer-gate baseline — crate fan-in caps (distinct dependent workspace crates, normal+build deps).
# MACHINE-WRITTEN. Regenerate (snapshot current state — defend the diff in review):
#   cargo run -p xtask -- layer-gate --update-baseline
# Bank improvements only (never adds, never raises — safe to run anytime):
#   cargo run -p xtask -- layer-gate --tighten
12	commonwealth-core
5	commonwealth-state
17	corpus-engine
7	corpus-engine-notes
11	corpus-engine-scip
44	sovereign-contracts
8	sovereign-core
4	sovereign-tools
