ts	avail_mib	gtt_mib	daemon_anon_mib	daemon_file_mib	eval_rss_mib
09:30:03	86151	20028	7021	943	98
09:30:05	82894	20028	7026	944	101
09:30:07	82019	20028	7026	944	101
09:30:09	81785	20028	7072	947	101
09:30:11	81571	20028	7103	947	101
09:30:13	81186	20028	7202	947	101
09:30:15	80701	20028	7491	947	101
09:30:17	80506	20028	7216	947	101
09:30:19	80334	20028	7216	947	101
09:30:21	80176	20028	7218	947	101
09:30:23	80001	20028	7218	947	101
09:30:25	79832	20028	7218	947	101
09:30:27	79496	20028	7218	947	101
09:30:29	79332	20028	7218	947	101
09:30:31	79146	20028	7218	947	101
09:30:33	78974	20028	7218	947	101
09:30:35	78809	20028	7218	947	101
09:30:37	78667	20028	7218	947	101
09:30:39	78495	20028	7218	947	101
09:30:42	81138	20028	7218	947	101
09:30:44	80999	20028	7218	947	101
09:30:46	80666	20028	7218	947	101
09:30:48	80472	20146	7325	951	101
09:30:50	80320	20317	7240	963	101
09:30:52	80049	20317	7436	965	101
09:30:54	79670	20317	7568	965	101
09:30:56	79069	20317	7590	966	101
09:30:58	78937	20317	7592	966	101
09:31:00	78880	20317	7592	966	101
09:31:02	78689	20317	7672	10366	101
09:31:04	79073	20317	7672	22422	101
09:31:06	55339	44035	7671	25684	101
09:31:08	55004	44035	7671	25684	101
09:31:10	46837	51669	7722	1953	101
09:31:12	40557	50879	15203	1953	101
09:31:14	38149	50915	17355	1953	101
09:31:16	37912	51428	17363	1833	101
09:31:18	37859	51428	17363	1833	101
09:31:20	37802	51428	17363	1833	101
09:31:22	37742	51428	17363	1833	101
09:31:24	37692	51428	17363	1833	101
09:31:26	37632	51428	17369	1833	101
09:31:28	37574	51428	17369	1833	101
09:31:30	37517	51428	17369	1833	101
09:31:32	37448	51428	17369	1833	101
09:31:34	37391	51428	17369	1833	101
09:31:36	37342	51428	17369	1833	101
09:31:40	37288	51428	17369	1833	101
09:31:42	37193	51428	17369	1833	101
09:31:44	37103	51428	17375	1833	101
09:31:46	37047	51428	17375	1833	101
09:31:48	37005	51428	17375	1833	101
09:31:50	36963	51428	17375	1833	101
09:31:52	36906	51428	17375	1833	101
09:31:54	36852	51428	17375	1833	101
09:31:56	36780	51467	17375	1833	101
09:31:58	36717	51467	17375	1833	101
09:32:01	36682	51467	17375	1833	101
09:32:03	36526	51465	17375	1833	101
09:32:05	36471	51461	17375	1833	101
09:32:07	36410	51461	17375	1833	101
09:32:09	36298	51461	17375	1833	101
09:32:11	36231	51461	17375	1833	101
09:32:13	36175	51461	17375	1833	101
09:32:16	35489	51462	17860	1314	101
09:32:18	35464	51462	17860	1314	101
09:32:20	35456	51462	17860	1314	101
09:32:22	35440	51462	17860	1314	101
09:32:24	35414	51462	17860	1314	101
09:32:26	35405	51462	17860	1314	101
09:32:28	35398	51462	17860	1314	101
09:32:30	35390	51462	17860	1314	101
09:32:32	35389	51462	17860	1314	101
09:32:34	35368	51462	17860	1314	101
09:32:36	35335	51462	17860	1314	101
09:32:38	35307	51462	17860	1314	101
09:32:40	35273	51462	17860	1314	101
09:32:42	35292	51462	17860	1314	101
09:32:44	35296	51462	17860	1314	101
09:32:46	35272	51462	17860	1314	101
09:32:49	35240	51462	17860	1314	101
09:32:51	35215	51462	17860	1314	101
09:32:53	35050	51597	17861	1314	101
09:32:55	34995	51597	17861	1314	101
09:32:57	34582	51530	17861	1314	101
09:32:59	34467	51530	17861	1314	101
09:33:01	34468	51532	17861	1314	101
09:33:03	34500	51528	17861	1314	101
09:33:05	34493	51528	17861	1314	101
09:33:07	34509	51528	17861	1314	101
09:33:09	34523	51528	17861	1314	101
09:33:11	48394	51528	18077	1314	101
09:33:13	48029	51528	18457	1314	101
09:33:15	47945	51528	18539	1314	101
09:33:17	47908	51528	18587	1314	101
09:33:19	47892	51528	18608	1314	101
09:33:22	47877	51528	18636	1314	101
09:33:24	47844	51528	18676	1314	101
09:33:26	47810	51528	18718	1314	101
09:33:28	47766	51528	18760	1314	101
09:33:30	47738	51528	18787	1314	101
09:33:32	47712	51528	18818	1314	101
09:33:34	47683	51528	18845	1314	101
09:33:36	47634	51528	18895	1314	101
09:33:38	47603	51528	18926	1314	101
09:33:40	47565	51528	18967	1314	101
09:33:42	47517	51528	19012	1314	101
09:33:44	47486	51528	19043	1314	101
09:33:46	47464	51528	19069	1314	101
09:33:48	47430	51528	19105	1314	101
09:33:50	47390	51528	19140	1314	101
09:33:52	47358	51528	19174	1314	101
09:33:54	47320	51528	19206	1314	101
09:33:57	47302	51528	19227	1314	101
09:33:59	47417	51528	19059	1314	101
09:34:01	47433	51528	19059	1314	101
09:34:03	47452	51528	19059	1314	101
09:34:05	47474	51528	19059	1314	101
09:34:07	47497	51528	19059	1314	101
09:34:09	47510	51528	19059	1314	101
09:34:11	47523	51528	19059	1314	101
09:34:13	47546	51528	19059	1314	101
09:34:15	47562	51528	19059	1314	101
09:34:17	47919	51528	18722	1314	101
09:34:19	47944	51528	18722	1314	101
09:34:21	47980	51528	18722	1314	101
09:34:23	47971	51528	18722	1314	101
09:34:25	47966	51528	18722	1314	101
09:34:27	47969	51528	18722	1314	101
09:34:29	47845	51528	18847	1314	101
09:34:31	47839	51528	18847	1314	101
09:34:34	47853	51528	18847	1314	101
09:34:36	47849	51528	18847	1314	101
09:34:38	47910	51528	18779	1314	101
09:34:40	48111	51528	18573	1314	101
09:34:42	48116	51528	18573	1314	101
09:34:44	48122	51528	18573	1314	101
09:34:46	48123	51528	18573	1314	101
09:34:48	47942	51528	18762	1314	101
09:34:50	47854	51528	18849	1314	101
09:34:52	47846	51528	18856	1314	101
09:34:54	47821	51528	18880	1314	101
09:34:56	47804	51528	18891	1314	101
09:34:58	47794	51528	18906	1314	101
09:35:00	47771	51528	18920	1314	101
09:35:02	47762	51528	18934	1314	101
09:35:04	47748	51528	18951	1314	101
09:35:06	47330	51529	18964	1314	101
09:35:08	47300	51529	18988	1314	101
09:35:10	47286	51529	19001	1314	101
09:35:12	47263	51529	19028	1314	101
09:35:14	47246	51529	19051	1314	101
09:35:16	47229	51529	19061	1314	101
09:35:18	47584	51529	18671	1314	101
09:35:20	47592	51529	18671	1314	101
09:35:23	47600	51529	18671	1314	101
09:35:25	47607	51529	18671	1314	101
09:35:27	47612	51529	18671	1314	101
09:35:29	47615	51529	18671	1314	101
09:35:31	47619	51529	18671	1314	101
09:35:33	47625	51529	18671	1314	101
09:35:35	47627	51529	18671	1314	101
09:35:37	47631	51529	18671	1314	101
09:35:41	47631	51529	18671	1314	101
09:35:43	47589	51529	18681	1314	101
09:35:45	47584	51529	18681	1314	101
09:35:47	47579	51529	18681	1314	101
09:35:49	47577	51529	18681	1314	101
09:35:51	47570	51529	18681	1314	101
09:35:53	47569	51529	18681	1314	101
09:35:55	47565	51529	18681	1314	101
09:35:57	47565	51529	18681	1314	101
09:35:59	47566	51529	18681	1314	101
09:36:01	47563	51529	18681	1314	101
09:36:03	47562	51529	18681	1314	101
09:36:06	47560	51529	18681	1314	101
09:36:08	47560	51529	18681	1314	101
09:36:10	47917	51529	18681	1314	101
09:36:12	47600	51529	18681	1314	101
09:36:14	47597	51529	18681	1314	101
09:36:16	47591	51529	18681	1314	101
09:36:18	47592	51529	18681	1314	101
09:36:20	47590	51529	18681	1314	101
09:36:22	47589	51529	18681	1314	101
09:36:24	47588	51529	18681	1314	101
09:36:26	47588	51529	18681	1314	101
09:36:28	47587	51529	18681	1314	101
09:36:30	47587	51529	18681	1314	101
09:36:32	47586	51529	18681	1314	101
09:36:34	47585	51529	18681	1314	101
09:36:36	47585	51529	18681	1314	101
09:36:38	47583	51529	18681	1314	101
09:36:40	47584	51529	18681	1314	101
09:36:42	47586	51529	18681	1314	101
09:36:44	47587	51529	18681	1314	101
09:36:46	47585	51529	18681	1314	101
09:36:48	47555	51688	18694	1314	101
09:36:50	45890	53196	18694	1319	101
09:36:52	45890	53197	18694	1319	101
09:36:55	45814	53201	18750	1319	101
09:36:57	45786	53201	18760	1319	101
09:36:59	45800	53201	18741	1319	101
09:37:01	45801	53201	18758	1319	101
09:37:03	45801	53201	18758	1319	101
09:37:05	45794	53201	18760	1319	101
09:37:07	45769	53201	18779	1319	101
09:37:09	45670	53201	18804	1319	101
09:37:11	45492	53201	18970	1319	101
09:37:13	45256	53201	19004	1319	101
09:37:15	45182	53201	19068	1319	101
09:37:17	45091	53201	19071	1319	101
09:37:19	44998	53201	19079	1319	101
09:37:21	44992	53201	19079	1319	101
09:37:23	44991	53201	19079	1319	101
09:37:25	44991	53201	19077	1319	101
09:37:27	44993	53201	19077	1319	101
09:37:29	45004	53201	19077	1319	101
09:37:31	45010	53201	19077	1319	101
09:37:33	45025	53201	19077	1319	101
09:37:35	45035	53201	19080	1319	101
09:37:37	45040	53201	19080	1319	101
09:37:39	45042	53201	19080	1319	101
09:37:41	45042	53201	19080	1319	101
09:37:43	45046	53201	19080	1319	101
09:37:45	44640	53201	19088	1319	101
09:37:48	44640	53201	19088	1319	101
09:37:50	44640	53201	19088	1319	101
09:37:52	44645	53201	19088	1319	101
09:37:54	44646	53201	19088	1319	101
09:37:56	44647	53201	19088	1319	101
09:37:58	44648	53201	19088	1319	101
09:38:00	44647	53201	19088	1319	101
09:38:02	44645	53201	19088	1319	101
09:38:04	44645	53201	19088	1319	101
09:38:06	44643	53201	19088	1319	101
09:38:08	44643	53201	19088	1319	101
09:38:10	44643	53201	19088	1319	101
09:38:12	44646	53201	19088	1319	101
09:38:14	44648	53201	19088	1319	101
09:38:16	44646	53201	19088	1319	101
09:38:18	44647	53201	19088	1319	101
09:38:20	44645	53201	19088	1319	101
09:38:22	44647	53201	19088	1319	101
09:38:24	44646	53201	19088	1319	101
09:38:26	44646	53201	19088	1319	101
09:38:28	44647	53201	19088	1319	101
09:38:30	44845	53201	19210	1319	101
09:38:33	44233	53201	19412	1319	101
09:38:35	44237	53201	19412	1319	101
09:38:37	44243	53201	19412	1319	101
09:38:39	44266	53201	19412	1319	101
09:38:41	44278	53201	19412	1319	101
09:38:43	44288	53201	19412	1319	101
09:38:45	44291	53201	19412	1319	101
09:38:47	44296	53201	19412	1319	101
09:38:49	44299	53201	19412	1319	101
09:38:51	44307	53201	19412	1319	101
09:38:53	44314	53201	19412	1319	101
09:38:55	44320	53201	19412	1319	101
09:38:57	44319	53201	19412	1319	101
09:38:59	44325	53201	19412	1319	101
09:39:01	44325	53201	19412	1319	101
09:39:03	44323	53201	19415	1319	101
09:39:06	44324	53201	19415	1319	101
09:39:08	44323	53201	19415	1319	101
09:39:10	44324	53201	19415	1319	101
09:39:12	44326	53201	19415	1319	101
09:39:14	44328	53201	19415	1319	101
09:39:16	44331	53201	19415	1319	101
09:39:18	44331	53201	19415	1319	101
09:39:20	44331	53201	19415	1319	101
09:39:22	44332	53201	19415	1319	101
09:39:24	44331	53201	19415	1319	101
09:39:26	44328	53201	19415	1319	101
09:39:28	44329	53201	19415	1319	101
09:39:30	44327	53201	19419	1319	101
09:39:32	44327	53201	19419	1319	101
09:39:34	44326	53201	19419	1319	101
09:39:36	44326	53201	19419	1319	101
09:39:38	44327	53201	19419	1319	101
09:39:41	44328	53201	19419	1319	101
09:39:43	44249	53201	19419	1319	101
09:39:45	44248	53201	19419	1319	101
09:39:47	44258	53201	19419	1319	101
09:39:49	44354	53201	19175	1319	101
09:39:51	44506	53201	19180	1319	101
09:39:53	44512	53201	19180	1319	101
09:39:55	44512	53201	19180	1319	101
09:39:57	44513	53201	19180	1319	101
09:39:59	44426	53201	19275	1319	101
09:40:01	44426	53201	19275	1319	101
09:40:03	44430	53201	19275	1319	101
09:40:05	44428	53201	19275	1319	101
09:40:07	44428	53201	19275	1319	101
09:40:09	44454	53201	19251	1319	101
09:40:11	44453	53201	19251	1319	101
09:40:13	44451	53201	19251	1319	101
09:40:15	44449	53201	19251	1319	101
09:40:17	44447	53201	19251	1319	101
09:40:19	44451	53201	19251	1319	101
09:40:21	44446	53201	19251	1319	101
09:40:23	44446	53201	19251	1319	101
09:40:26	44449	53201	19251	1319	101
09:40:28	44448	53201	19251	1319	101
09:40:30	44451	53201	19251	1319	101
09:40:32	44450	53201	19251	1319	101
09:40:34	44452	53201	19251	1319	101
09:40:36	44364	53327	19251	1319	101
09:40:38	44363	53327	19251	1319	101
09:40:40	44364	53327	19251	1319	101
09:40:42	44363	53327	19251	1319	101
09:40:44	44365	53327	19251	1319	101
09:40:46	43875	53327	19251	1319	101
09:40:48	43839	53327	19282	1319	101
09:40:50	43839	53327	19277	1319	101
09:40:52	43833	53327	19277	1319	101
09:40:54	43831	53327	19277	1319	101
09:40:56	43832	53327	19277	1319	101
09:40:58	43833	53327	19277	1319	101
09:41:00	43835	53327	19277	1319	101
09:41:02	43836	53327	19277	1319	101
09:41:04	43839	53327	19277	1319	101
09:41:06	43839	53327	19277	1319	101
09:41:08	43838	53327	19277	1319	101
09:41:11	43837	53327	19277	1319	101
09:41:13	43836	53327	19277	1319	101
09:41:15	43829	53327	19277	1319	101
09:41:17	43828	53327	19277	1319	101
09:41:19	43823	53327	19277	1319	101
09:41:21	43823	53327	19277	1319	101
09:41:23	43822	53327	19277	1319	101
09:41:25	43826	53327	19277	1319	101
09:41:27	43827	53327	19277	1319	101
09:41:29	43792	53327	19277	1319	101
09:41:31	43793	53327	19277	1319	101
09:41:33	43792	53327	19277	1319	101
09:41:35	43792	53327	19277	1319	101
09:41:37	43792	53327	19277	1319	101
09:41:40	43791	53327	19277	1319	101
09:41:42	43789	53327	19277	1319	101
09:41:44	43789	53327	19277	1319	101
09:41:46	43789	53327	19277	1319	101
09:41:48	43790	53327	19277	1319	101
09:41:50	43790	53327	19277	1319	101
09:41:52	43787	53327	19277	1319	101
09:41:54	43787	53327	19277	1319	101
09:41:56	43787	53327	19277	1319	101
09:41:58	43787	53327	19277	1319	101
09:42:00	43786	53327	19277	1319	101
09:42:02	43787	53327	19277	1319	101
09:42:04	43786	53327	19277	1319	101
09:42:06	43825	53327	19277	1319	101
09:42:11	43835	53327	19278	1319	101
09:42:13	43830	53327	19278	1319	101
09:42:15	43822	53327	19288	1319	101
09:42:17	43823	53327	19288	1319	101
09:42:19	43824	53327	19289	1319	101
09:42:21	43821	53327	19289	1319	101
09:42:23	43823	53327	19289	1319	101
09:42:25	43822	53327	19289	1319	101
09:42:27	43823	53327	19289	1319	101
09:42:29	43822	53327	19289	1319	101
09:42:31	43822	53327	19289	1319	101
09:42:33	43757	53327	19311	1321	101
09:42:35	43819	53328	19275	1321	101
09:42:37	43798	53328	19288	1321	101
09:42:39	43768	53328	19312	1321	101
09:42:41	43793	52768	19313	1321	101
09:42:43	43709	53328	19341	1321	101
09:42:45	43723	53328	19341	1321	101
09:42:48	43741	53328	19328	1321	101
09:42:50	43739	53328	19315	1323	101
09:42:52	43704	53328	19354	1323	101
09:42:54	43609	53328	19411	1323	101
09:42:56	43421	53328	19464	1323	101
09:42:58	43338	53328	19476	1323	101
09:43:00	43307	53328	19477	1323	101
09:43:02	43255	53328	19490	1323	101
09:43:04	43256	53328	19490	1323	101
09:43:06	43253	53328	19494	1323	101
09:43:08	43256	53328	19491	1323	101
09:43:10	43253	53328	19491	1323	101
09:43:12	43262	53328	19491	1323	101
09:43:14	43265	53328	19491	1323	101
09:43:16	43268	53328	19491	1323	101
09:43:18	43270	53328	19491	1323	101
09:43:20	43270	53328	19496	1323	101
09:43:22	43271	53328	19496	1323	101
09:43:24	43273	53328	19496	1323	101
09:43:26	43273	53328	19496	1323	101
09:43:28	43274	53328	19496	1323	101
09:43:30	43272	53328	19496	1323	101
09:43:32	43272	53328	19496	1323	101
09:43:34	43272	53328	19496	1323	101
09:43:36	43274	53328	19496	1323	101
09:43:39	43273	53328	19496	1323	101
09:43:41	43272	53328	19496	1323	101
09:43:43	42918	53328	19833	1323	101
09:43:45	42915	53328	19833	1323	101
09:43:47	42915	53328	19833	1323	101
09:43:49	42916	53328	19833	1323	101
09:43:51	42910	53328	19833	1323	101
09:43:53	42913	53328	19833	1323	101
09:43:55	42912	53328	19833	1323	101
09:43:57	42911	53328	19833	1323	101
09:43:59	42921	53328	19833	1323	101
09:44:01	42927	53328	19833	1323	101
09:44:03	42929	53328	19833	1323	101
09:44:06	42935	53328	19833	1323	101
09:44:08	42936	53328	19833	1323	101
09:44:10	42932	53328	19833	1323	101
09:44:12	42926	53328	19833	1323	101
09:44:14	42930	53328	19833	1323	101
09:44:16	42934	53328	19833	1323	101
09:44:18	42935	53328	19833	1323	101
09:44:20	42937	53328	19833	1323	101
09:44:22	42934	53328	19833	1323	101
09:44:24	42938	53328	19833	1323	101
09:44:26	42940	53328	19833	1323	101
09:44:28	42942	53328	19833	1323	101
09:44:30	42937	53328	19833	1323	101
09:44:32	42938	53328	19833	1323	101
09:44:34	42941	53328	19834	1323	101
09:44:36	42944	53328	19834	1323	101
09:44:39	42943	53328	19834	1323	101
09:44:41	42944	53328	19834	1323	101
09:44:43	42944	53328	19834	1323	101
09:44:45	42943	53328	19834	1323	101
09:44:47	42945	53328	19834	1323	101
09:44:49	42941	53328	19834	1323	101
09:44:51	42941	53328	19834	1323	101
09:44:53	42939	53328	19834	1323	101
09:44:55	42936	53328	19834	1323	101
09:44:57	42936	53328	19834	1323	101
09:44:59	42937	53328	19834	1323	101
09:45:01	42938	53328	19834	1323	101
09:45:03	42937	53328	19834	1323	101
09:45:05	43146	53328	19628	1323	101
09:45:07	43147	53328	19628	1323	101
09:45:11	43148	53328	19628	1323	101
09:45:13	43056	53328	19723	1323	101
09:45:15	43057	53328	19723	1323	101
09:45:17	43055	53328	19723	1323	101
09:45:19	43054	53328	19723	1323	101
09:45:22	43051	53328	19723	1323	101
09:45:24	43052	53328	19723	1323	101
09:45:26	43060	53328	19705	1323	101
09:45:28	43063	53328	19705	1323	101
09:45:30	43071	53328	19705	1323	101
09:45:32	43073	53328	19705	1323	101
09:45:34	43076	53328	19705	1323	101
09:45:36	43077	53328	19705	1323	101
09:45:38	43074	53328	19705	1323	101
09:45:40	43069	53328	19705	1323	101
09:45:42	43070	53328	19705	1323	101
09:45:44	43074	53328	19705	1323	101
09:45:46	43075	53328	19705	1323	101
09:45:48	43072	53328	19705	1323	101
09:45:50	43073	53328	19705	1323	101
09:45:52	43072	53328	19705	1323	101
09:45:54	43073	53328	19705	1323	101
09:45:56	42633	53328	19713	1323	101
09:45:58	42635	53328	19713	1323	101
09:46:00	42597	53328	19734	1323	101
09:46:02	42597	53328	19734	1323	101
09:46:04	42597	53328	19734	1323	101
09:46:06	42595	53328	19734	1323	101
09:46:08	42593	53328	19734	1323	101
09:46:10	42590	53328	19734	1323	101
09:46:13	42593	53328	19734	1323	101
09:46:15	42595	53328	19734	1323	101
09:46:17	42596	53328	19734	1323	101
09:46:19	42596	53328	19734	1323	101
09:46:21	42600	53328	19734	1323	101
09:46:23	42588	53328	19734	1323	101
09:46:25	42590	53328	19734	1323	101
09:46:27	42591	53328	19734	1323	101
09:46:29	42590	53328	19734	1323	101
09:46:31	42590	53328	19734	1323	101
09:46:33	42589	53328	19734	1323	101
09:46:35	42560	53328	19734	1323	101
09:46:37	42570	53328	19735	1323	101
09:46:39	42567	53328	19735	1323	101
09:46:41	42569	53328	19735	1323	101
09:46:43	42568	53328	19735	1323	101
09:46:45	42567	53328	19735	1323	101
09:46:48	42565	53328	19735	1323	101
09:46:50	42564	53328	19735	1323	101
09:46:52	42564	53328	19735	1323	101
09:46:54	42563	53328	19735	1323	101
09:46:56	42564	53328	19735	1323	101
09:46:58	42563	53328	19735	1323	101
09:47:00	42562	53328	19735	1323	101
09:47:02	42562	53328	19735	1323	101
09:47:04	42564	53328	19735	1323	101
09:47:06	42564	53328	19735	1323	101
09:47:08	42602	53328	19735	1323	101
09:47:10	42600	53328	19735	1323	101
09:47:12	42600	53328	19735	1323	101
09:47:14	42600	53328	19735	1323	101
09:47:16	42598	53328	19735	1323	101
09:47:18	42595	53328	19735	1323	101
09:47:20	42596	53328	19735	1323	101
09:47:22	42596	53328	19735	1323	101
09:47:24	42590	53328	19735	1323	101
09:47:26	42589	53328	19735	1323	101
09:47:28	42588	53328	19735	1323	101
09:47:30	42587	53328	19738	1323	101
09:47:32	42585	53328	19738	1323	101
09:47:34	42583	53328	19738	1323	101
09:47:36	42577	53328	19738	1323	101
09:47:38	42579	53328	19738	1323	101
09:47:41	42578	53328	19738	1323	101
09:47:43	42579	53328	19738	1323	101
09:47:45	42577	53328	19738	1323	101
09:47:47	42580	53328	19738	1323	101
09:47:49	42476	53328	19762	1323	101
09:47:51	42474	53328	19794	1324	101
09:47:53	42486	53328	19780	1324	101
09:47:55	42479	53328	19805	1324	101
09:47:57	42527	53328	19805	1324	101
09:47:59	42506	53328	19820	1324	101
09:48:01	42510	53328	19807	1324	101
09:48:03	42476	53328	19821	1324	101
09:48:05	42492	53274	19814	1324	101
09:48:07	42465	53274	19830	1324	101
09:48:09	42286	53274	19891	1324	101
09:48:12	42211	53274	19953	1324	101
09:48:14	42165	53274	19959	1324	101
09:48:16	42169	53270	19959	1324	101
09:48:18	42170	53270	19959	1324	101
09:48:20	42148	53290	19959	1324	101
09:48:22	42148	53290	19956	1324	101
09:48:24	42156	53290	19956	1324	101
09:48:26	42159	53290	19956	1324	101
09:48:28	42162	53290	19956	1324	101
09:48:30	42162	53290	19956	1324	101
09:48:32	42161	53290	19956	1324	101
09:48:34	42161	53290	19956	1324	101
09:48:36	42157	53290	19956	1324	101
09:48:38	42162	53290	19956	1324	101
09:48:40	42162	53290	19956	1324	101
09:48:42	42162	53290	19956	1324	101
09:48:44	42164	53290	19956	1324	101
09:48:46	42164	53290	19956	1324	101
09:48:48	42164	53290	19956	1324	101
09:48:50	42163	53290	19956	1324	101
09:48:52	42162	53290	19956	1324	101
09:48:54	42163	53290	19956	1324	101
09:48:56	42164	53290	19956	1324	101
09:48:58	42164	53290	19956	1324	101
09:49:00	42166	53290	19956	1324	101
09:49:02	42166	53290	19956	1324	101
09:49:04	42167	53290	19956	1324	101
09:49:07	42168	53290	19956	1324	101
09:49:09	41718	53290	20399	1324	101
09:49:11	41714	53290	20399	1324	101
09:49:13	41713	53290	20399	1324	101
09:49:15	41711	53290	20399	1324	101
09:49:17	41711	53290	20399	1324	101
09:49:19	41712	53290	20399	1324	101
09:49:21	41716	53286	20399	1324	101
09:49:23	41712	53286	20399	1324	101
09:49:25	41712	53286	20399	1324	101
09:49:27	41715	53286	20399	1324	101
09:49:29	41712	53286	20399	1324	101
09:49:31	41714	53286	20399	1324	101
09:49:33	41711	53286	20399	1324	101
09:49:35	41713	53286	20399	1324	101
09:49:37	41716	53286	20399	1324	101
09:49:39	41716	53286	20399	1324	101
09:49:42	41718	53286	20399	1324	101
09:49:44	41721	53286	20399	1324	101
09:49:46	41724	53286	20399	1324	101
09:49:48	41727	53286	20399	1324	101
09:49:50	41724	53286	20399	1324	101
09:49:52	41725	53286	20399	1324	101
09:49:54	41728	53286	20399	1324	101
09:49:56	41729	53286	20399	1324	101
09:49:58	41729	53286	20399	1324	101
09:50:00	41731	53286	20399	1324	101
09:50:02	41733	53286	20399	1324	101
09:50:04	41733	53286	20399	1324	101
09:50:06	41731	53286	20399	1324	101
09:50:08	41729	53286	20399	1324	101
09:50:10	41731	53286	20399	1324	101
09:50:12	41731	53286	20399	1324	101
09:50:14	41731	53286	20399	1324	101
09:50:17	41734	53286	20399	1324	101
09:50:19	41732	53286	20399	1324	101
09:50:21	41730	53286	20399	1324	101
09:50:23	41727	53286	20399	1324	101
09:50:25	41730	53286	20399	1324	101
09:50:27	41729	53286	20399	1324	101
09:50:29	41729	53286	20399	1324	101
09:50:31	42012	53286	20120	1324	101
09:50:33	42010	53286	20122	1324	101
09:50:35	42009	53286	20123	1324	101
09:50:37	42007	53286	20123	1324	101
09:50:39	42005	53286	20123	1324	101
09:50:41	41911	53286	20216	1324	101
09:50:43	41911	53286	20216	1324	101
09:50:45	41910	53286	20216	1324	101
09:50:47	41913	53286	20216	1324	101
09:50:49	41909	53286	20216	1324	101
09:50:51	41941	53286	20192	1324	101
09:50:53	41938	53286	20192	1324	101
09:50:55	41940	53286	20192	1324	101
09:50:58	41940	53286	20192	1324	101
09:51:00	41939	53286	20192	1324	101
09:51:02	41942	53286	20192	1324	101
09:51:04	41940	53286	20192	1324	101
09:51:06	41941	53286	20192	1324	101
09:51:08	41943	53286	20192	1324	101
09:51:10	41942	53286	20192	1324	101
09:51:12	41945	53286	20192	1324	101
09:51:14	41946	53286	20192	1324	101
09:51:16	41944	53286	20192	1324	101
09:51:18	41944	53286	20192	1324	101
09:51:21	41942	53286	20192	1324	101
09:51:23	41943	53286	20192	1324	101
09:51:25	41942	53286	20192	1324	101
09:51:27	41942	53286	20192	1324	101
09:51:29	41940	53286	20192	1324	101
09:51:31	41940	53286	20192	1324	101
09:51:33	41405	53286	20192	1324	101
09:51:35	41391	53286	20218	1324	101
09:51:37	41407	53286	20212	1324	101
09:51:39	41426	53286	20212	1324	101
09:51:41	41443	53286	20212	1324	101
09:51:43	41458	53286	20212	1324	101
09:51:45	41473	53286	20212	1324	101
09:51:47	41491	53286	20212	1324	101
09:51:49	41508	53286	20212	1324	101
09:51:51	41520	53286	20212	1324	101
09:51:53	41527	53286	20212	1324	101
09:51:55	41535	53286	20212	1324	101
09:51:57	41540	53286	20212	1324	101
09:51:59	41556	53286	20212	1324	101
09:52:01	41565	53286	20212	1324	101
09:52:03	41568	53286	20212	1324	101
09:52:05	41576	53286	20212	1324	101
09:52:07	41581	53286	20212	1324	101
09:52:09	41588	53286	20212	1324	101
09:52:11	41604	53286	20212	1324	101
09:52:14	41620	53286	20212	1324	101
09:52:16	41627	53286	20212	1324	101
09:52:18	41635	53286	20212	1324	101
09:52:20	41651	53286	20212	1324	101
09:52:22	41658	53286	20212	1324	101
09:52:24	41635	53286	20214	1324	101
09:52:26	41641	53286	20218	1324	101
09:52:28	41658	53286	20218	1324	101
09:52:30	41673	53286	20218	1324	101
09:52:32	41680	53286	20218	1324	101
09:52:34	41690	53286	20218	1324	101
09:52:36	41698	53286	20218	1324	101
09:52:38	41705	53286	20218	1324	101
09:52:41	41710	53286	20218	1324	101
09:52:43	41712	53286	20218	1324	101
09:52:45	41713	53286	20218	1324	101
09:52:47	41715	53286	20218	1324	101
09:52:49	41713	53286	20218	1324	101
09:52:51	41712	53286	20218	1324	101
09:52:53	41712	53286	20218	1324	101
09:52:55	41714	53286	20218	1324	101
09:52:57	41712	53286	20218	1324	101
09:53:00	41712	53286	20218	1324	101
09:53:02	41713	53286	20218	1324	101
09:53:04	41714	53286	20218	1324	101
09:53:06	41713	53286	20218	1324	101
09:53:08	41742	53286	20230	1324	101
09:53:12	41745	53286	20230	1324	101
09:53:14	41749	53286	20230	1324	101
09:53:16	41749	53286	20230	1324	101
09:53:18	41744	53286	20230	1324	101
09:53:20	41744	53286	20230	1324	101
09:53:22	41749	53286	20230	1324	101
09:53:24	41747	53286	20230	1324	101
09:53:26	41750	53286	20230	1324	101
09:53:28	41750	53286	20230	1324	101
09:53:30	41750	53286	20230	1324	101
09:53:32	41752	53286	20230	1324	101
09:53:34	41752	53286	20230	1324	101
09:53:36	41756	53286	20230	1324	101
09:53:38	41623	53286	20366	1324	101
09:53:40	41593	53286	20326	1326	101
09:53:42	41584	53286	20326	1326	101
09:53:44	41598	53286	20326	1326	101
09:53:46	41608	53286	20326	1326	101
09:53:48	41611	53286	20328	1326	101
09:53:50	41602	53286	20344	1326	101
09:53:52	41616	53286	20333	1326	101
09:53:54	41631	53286	20333	1326	101
09:53:57	41583	53286	20383	1326	101
09:53:59	41440	53286	20421	1326	101
09:54:01	41404	53286	20467	1326	101
09:54:03	41392	53286	20467	1326	101
09:54:05	41343	53286	20477	1326	101
09:54:07	41362	53286	20477	1326	101
09:54:09	41376	53286	20477	1326	101
09:54:11	41386	53286	20474	1326	101
09:54:13	41393	53286	20473	1326	101
09:54:15	41399	53286	20473	1326	101
09:54:17	41404	53286	20473	1326	101
09:54:19	41409	53286	20473	1326	101
09:54:21	41411	53286	20473	1326	101
09:54:23	41412	53286	20473	1326	101
09:54:25	41415	53286	20473	1326	101
09:54:27	41416	53286	20473	1326	101
09:54:29	41417	53286	20473	1326	101
09:54:31	41416	53286	20473	1326	101
09:54:33	41416	53286	20473	1326	101
09:54:35	41413	53286	20473	1326	101
09:54:37	41412	53286	20473	1326	101
09:54:39	41412	53286	20473	1326	101
09:54:41	41410	53286	20473	1326	101
09:54:43	41410	53286	20473	1326	101
09:54:45	41412	53286	20473	1326	101
09:54:47	41047	53286	20830	1326	101
09:54:49	41047	53286	20830	1326	101
09:54:52	41044	53286	20830	1326	101
09:54:54	41042	53286	20830	1326	101
09:54:56	41045	53286	20830	1326	101
09:54:58	41047	53286	20830	1326	101
09:55:00	41047	53286	20830	1326	101
09:55:02	41048	53286	20830	1326	101
09:55:04	41048	53286	20830	1326	101
09:55:06	41045	53286	20830	1326	101
09:55:08	41043	53286	20830	1326	101
09:55:10	41047	53286	20830	1326	101
09:55:12	41046	53286	20830	1326	101
09:55:14	41048	53286	20830	1326	101
09:55:16	41049	53286	20830	1326	101
09:55:18	41054	53286	20830	1326	101
09:55:20	41053	53286	20830	1326	101
09:55:22	41053	53286	20830	1326	101
09:55:24	41055	53286	20830	1326	101
09:55:27	41055	53286	20830	1326	101
09:55:29	41055	53286	20830	1326	101
09:55:31	41052	53286	20830	1326	101
09:55:33	41052	53286	20830	1326	101
09:55:35	41051	53286	20830	1326	101
09:55:37	41051	53286	20830	1326	101
09:55:39	41052	53286	20830	1326	101
09:55:41	41051	53286	20830	1326	101
09:55:43	41055	53286	20830	1326	101
09:55:45	41058	53286	20830	1326	101
09:55:47	41058	53286	20830	1326	101
09:55:49	41059	53286	20830	1326	101
09:55:51	41277	53286	20611	1326	101
09:55:53	41276	53286	20611	1326	101
09:55:55	41273	53286	20611	1326	101
09:55:57	41272	53286	20611	1326	101
09:55:59	41184	53286	20694	1326	101
09:56:01	41183	53286	20694	1326	101
09:56:03	41180	53286	20694	1326	101
09:56:06	41182	53286	20694	1326	101
09:56:08	41184	53286	20675	1326	101
09:56:13	41195	53286	20675	1326	101
09:56:15	41196	53286	20675	1326	101
09:56:17	41201	53286	20675	1326	101
09:56:19	41205	53286	20675	1326	101
09:56:21	41207	53286	20675	1326	101
09:56:23	41208	53286	20675	1326	101
09:56:25	41210	53286	20675	1326	101
09:56:27	41210	53286	20675	1326	101
09:56:29	41209	53286	20675	1326	101
09:56:31	41212	53286	20675	1326	101
09:56:33	41210	53286	20675	1326	101
09:56:35	41209	53286	20675	1326	101
09:56:37	41210	53286	20675	1326	101
09:56:39	40785	53286	20684	1326	101
09:56:41	40804	53286	20716	1326	101
09:56:43	40827	53286	20711	1326	101
09:56:45	40843	53286	20712	1326	101
09:56:47	40858	53286	20712	1326	101
09:56:49	40884	53286	20704	1326	101
09:56:51	40900	53286	20704	1326	101
09:56:53	40915	53286	20704	1326	101
09:56:55	40930	53286	20704	1326	101
09:56:57	40944	53286	20704	1326	101
09:56:59	40962	53286	20704	1326	101
09:57:02	40978	53286	20704	1326	101
09:57:04	40994	53286	20704	1326	101
09:57:06	41010	53286	20704	1326	101
09:57:08	40908	53297	20729	1327	101
09:57:10	40915	53319	20754	1327	101
09:57:12	40908	53319	20760	1327	101
09:57:14	40925	53319	20784	1327	101
09:57:16	40940	53319	20796	1327	101
09:57:18	40954	53319	20803	1327	101
09:57:20	40971	53319	20803	1327	101
09:57:22	40994	53319	20803	1327	101
09:57:24	41011	53319	20803	1327	101
09:57:26	41023	53319	20803	1327	101
09:57:28	46947	53319	20803	1327	113
09:57:30	43695	53319	20803	1327	113
09:57:32	42787	53319	20803	1327	113
09:57:34	42642	53319	20803	1327	113
09:57:36	42491	53319	20803	1327	113
09:57:38	42334	53319	20803	1327	113
09:57:40	42183	53319	20803	1327	113
09:57:42	42034	53319	20803	1327	113
09:57:44	41883	53319	20803	1327	113
09:57:46	41731	53319	20803	1327	113
09:57:48	41581	53319	20803	1327	113
09:57:50	41423	53319	20803	1327	113
09:57:52	41273	53319	20803	1327	113
09:57:54	41125	53319	20803	1327	113
09:57:56	40972	53319	20803	1327	113
09:57:58	40826	53319	20803	1327	113
09:58:01	40679	53319	20803	1327	113
09:58:03	40523	53319	20803	1327	113
09:58:05	42982	53319	20803	1327	113
09:58:07	42872	53319	20803	1327	113
09:58:09	42628	53319	20803	1327	113
09:58:11	42459	53319	20803	1327	113
09:58:13	42360	53319	20805	1327	113
09:58:15	42324	53319	20827	1327	113
09:58:17	41991	53319	20877	1327	113
09:58:19	41827	53319	20890	1327	113
09:58:21	41851	53319	20890	1327	113
09:58:23	41850	53319	20890	1327	113
09:58:25	41866	53319	20890	1327	113
09:58:27	41878	53319	20890	1327	113
09:58:29	41899	53319	20888	1327	113
09:58:31	41923	53319	20888	1327	113
09:58:33	41942	53319	20888	1327	113
09:58:35	41955	53319	20888	1327	113
09:58:37	41965	53319	20888	1327	113
09:58:39	41970	53319	20888	1327	113
09:58:41	41980	53319	20888	1327	113
09:58:43	41985	53319	20888	1327	113
09:58:45	41991	53319	20888	1327	113
09:58:47	42108	53319	20774	1327	113
09:58:49	42114	53319	20774	1327	113
09:58:51	42117	53319	20774	1327	113
09:58:53	42120	53319	20774	1327	113
09:58:55	42121	53319	20774	1327	113
09:58:58	42123	53319	20774	1327	113
09:59:00	42122	53319	20774	1327	113
09:59:02	42124	53319	20774	1327	113
09:59:04	42123	53319	20774	1327	113
09:59:06	42121	53319	20774	1327	113
09:59:08	42117	53319	20774	1327	113
09:59:10	41990	53319	20899	1327	113
09:59:12	41864	53319	21022	1327	113
09:59:14	41863	53319	21022	1327	113
09:59:16	41861	53319	21022	1327	113
09:59:18	41862	53319	21022	1327	113
09:59:20	41861	53319	21022	1327	113
09:59:22	41862	53319	21022	1327	113
09:59:24	41863	53319	21022	1327	113
09:59:26	41863	53319	21022	1327	113
09:59:28	41860	53319	21022	1327	113
09:59:30	41865	53319	21022	1327	113
09:59:32	41865	53319	21022	1327	113
09:59:34	41865	53319	21022	1327	113
09:59:37	41870	53319	21022	1327	113
09:59:39	41875	53319	21022	1327	113
09:59:41	41873	53319	21022	1327	113
09:59:43	41874	53319	21022	1327	113
09:59:45	41874	53319	21022	1327	113
09:59:47	41875	53319	21022	1327	113
09:59:49	41877	53319	21022	1327	113
09:59:51	41877	53319	21022	1327	113
09:59:53	41874	53319	21022	1327	113
09:59:55	41875	53319	21022	1327	113
09:59:57	41874	53319	21022	1327	113
09:59:59	41878	53319	21022	1327	113
10:00:01	41882	53315	21022	1327	113
10:00:03	41884	53315	21022	1327	113
10:00:05	41884	53315	21022	1327	113
10:00:07	41883	53315	21022	1327	113
10:00:09	41883	53315	21022	1327	113
10:00:12	41882	53315	21022	1327	113
10:00:14	41882	53315	21022	1327	113
10:00:16	41882	53315	21022	1327	113
10:00:18	41878	53315	21022	1327	113
10:00:20	41879	53315	21022	1327	113
10:00:22	41881	53315	21022	1327	113
10:00:24	41876	53315	21022	1327	113
10:00:26	41879	53315	21022	1327	113
10:00:28	41880	53315	21022	1327	113
10:00:30	41882	53315	21022	1327	113
10:00:32	41879	53315	21022	1327	113
10:00:34	41879	53315	21022	1327	113
10:00:36	41877	53315	21022	1327	113
10:00:38	41872	53315	21022	1327	113
10:00:40	41873	53315	21022	1327	113
10:00:42	41877	53315	21022	1327	113
10:00:44	42123	53315	20775	1327	113
10:00:46	42124	53315	20776	1327	113
10:00:49	42125	53315	20776	1327	113
10:00:51	42124	53315	20776	1327	113
10:00:53	42127	53315	20776	1327	113
10:00:55	42126	53315	20776	1327	113
10:00:57	42052	53315	20843	1327	113
10:00:59	42056	53315	20843	1327	113
10:01:01	42058	53315	20843	1327	113
10:01:03	42057	53315	20843	1327	113
10:01:05	42056	53315	20843	1327	113
10:01:07	42057	53315	20843	1327	113
10:01:09	42120	53315	20785	1327	113
10:01:11	42120	53315	20785	1327	113
10:01:13	42121	53315	20785	1327	113
10:01:15	42121	53315	20785	1327	113
10:01:17	42122	53315	20785	1327	113
10:01:19	42123	53315	20785	1327	113
10:01:21	42122	53315	20785	1327	113
10:01:23	42121	53315	20785	1327	113
10:01:25	42119	53315	20785	1327	113
10:01:27	42121	53315	20785	1327	113
10:01:29	42122	53315	20785	1327	113
10:01:31	42122	53315	20785	1327	113
10:01:33	42122	53315	20785	1327	113
10:01:35	42123	53315	20785	1327	113
10:01:38	42123	53315	20785	1327	113
10:01:42	42122	53315	20785	1327	113
10:01:44	42118	53315	20785	1327	113
10:01:46	42119	53315	20785	1327	113
10:01:48	41592	53315	20796	1327	113
10:01:50	41833	53315	20821	1327	113
10:01:52	41590	53315	20825	1327	113
10:01:54	41620	53315	20814	1327	113
10:01:56	41623	53315	20814	1327	113
10:01:58	41635	53315	20814	1327	113
10:02:00	41650	53315	20814	1327	113
10:02:02	41660	53315	20814	1327	113
10:02:04	41674	53315	20814	1327	113
10:02:06	41694	53315	20814	1327	113
10:02:09	41712	53315	20814	1327	113
10:02:11	41729	53315	20814	1327	113
10:02:13	41741	53315	20814	1327	113
10:02:15	41769	53315	20814	1327	113
10:02:17	41785	53315	20814	1327	113
10:02:19	41799	53315	20814	1327	113
10:02:21	41809	53315	20814	1327	113
10:02:23	41825	53315	20814	1327	113
10:02:25	41831	53315	20814	1327	113
10:02:27	41847	53315	20814	1327	113
10:02:29	41863	53315	20814	1327	113
10:02:31	41881	53315	20814	1327	113
10:02:33	41899	53315	20814	1327	113
10:02:35	41915	53315	20814	1327	113
10:02:37	41930	53315	20814	1327	113
10:02:39	41903	53315	20814	1327	113
10:02:41	41909	53315	20815	1327	113
10:02:43	41914	53315	20815	1327	113
10:02:45	41917	53315	20815	1327	113
10:02:47	41922	53315	20815	1327	113
10:02:49	41927	53315	20815	1327	113
10:02:51	41929	53315	20815	1327	113
10:02:53	41932	53315	20815	1327	113
10:02:55	41936	53315	20815	1327	113
10:02:57	41937	53315	20815	1327	113
10:02:59	41940	53315	20815	1327	113
10:03:02	41943	53315	20815	1327	113
10:03:04	41945	53315	20815	1327	113
10:03:06	41943	53315	20815	1327	113
10:03:08	41941	53315	20815	1327	113
10:03:12	41938	53315	20815	1327	113
10:03:14	41938	53315	20815	1327	113
10:03:16	41938	53315	20815	1327	113
10:03:18	41936	53315	20815	1327	113
10:03:20	41936	53315	20815	1327	113
10:03:22	41988	53315	20815	1327	113
10:03:24	41986	53315	20815	1327	113
10:03:26	41985	53315	20815	1327	113
10:03:28	41986	53315	20815	1327	113
10:03:30	41980	53315	20815	1327	113
10:03:32	41981	53315	20815	1327	113
10:03:34	41981	53315	20815	1327	113
10:03:36	41981	53315	20815	1327	113
10:03:38	41978	53315	20815	1327	113
10:03:40	41979	53315	20815	1327	113
10:03:42	41983	53315	20815	1327	113
10:03:44	41985	53315	20815	1327	113
10:03:47	41985	53315	20815	1327	113
10:03:49	41986	53315	20815	1327	113
10:03:51	41986	53315	20815	1327	113
10:03:53	41984	53315	20815	1327	113
10:03:55	41984	53315	20815	1327	113
10:03:57	41984	53315	20815	1327	113
10:03:59	41987	53315	20815	1327	113
10:04:01	41989	53315	20815	1327	113
10:04:03	41991	53315	20815	1327	113
10:04:05	41990	53315	20815	1327	113
10:04:07	41990	53315	20815	1327	113
10:04:09	41990	53315	20815	1327	113
10:04:11	41988	53315	20815	1327	113
10:04:13	41980	53315	20815	1327	113
10:04:15	41980	53315	20815	1327	113
10:04:17	41975	53315	20815	1327	113
10:04:19	41978	53315	20815	1327	113
10:04:21	41974	53315	20815	1327	113
10:04:23	41974	53315	20815	1327	113
10:04:25	41973	53315	20815	1327	113
10:04:27	41973	53315	20815	1327	113
10:04:29	41975	53315	20815	1327	113
10:04:32	41973	53315	20815	1327	113
10:04:34	41974	53315	20815	1327	113
10:04:36	41974	53315	20815	1327	113
10:04:38	41972	53315	20815	1327	113
10:04:42	41971	53315	20815	1327	113
10:04:44	41972	53315	20815	1327	113
10:04:46	41972	53315	20815	1327	113
10:04:48	41973	53315	20815	1327	113
10:04:50	41973	53315	20815	1327	113
10:04:52	42396	53231	20860	1327	113
10:04:54	41845	53315	20848	1327	113
10:04:56	41858	53315	20863	1329	113
10:04:58	41871	53315	20863	1329	113
10:05:00	41895	53315	20863	1329	113
10:05:02	41902	53315	20863	1329	113
10:05:04	41898	53315	20867	1329	113
10:05:07	41908	53315	20867	1329	113
10:05:09	41927	53315	20852	1329	113
10:05:11	41929	53315	20852	1329	113
10:05:13	41930	53315	20852	1329	113
10:05:15	41905	53315	20870	1329	113
10:05:17	41912	53315	20848	1329	113
10:05:19	41859	53315	20854	1329	113
10:05:21	41567	53315	20862	1329	113
10:05:23	41568	53315	20873	1329	113
10:05:25	41517	53315	20874	1329	113
10:05:27	41486	53315	20879	1329	113
10:05:29	41488	53315	20879	1329	113
10:05:31	41489	53315	20879	1329	113
10:05:33	41491	53315	20879	1329	113
10:05:35	41496	53315	20876	1329	113
10:05:37	41496	53315	20876	1329	113
10:05:39	41499	53315	20876	1329	113
10:05:41	41501	53315	20876	1329	113
10:05:43	41502	53315	20876	1329	113
10:05:45	41502	53315	20876	1329	113
10:05:47	41501	53315	20876	1329	113
10:05:49	41507	53315	20876	1329	113
10:05:51	41502	53315	20876	1329	113
10:05:53	41498	53315	20876	1329	113
10:05:55	41501	53315	20876	1329	113
10:05:57	41502	53315	20876	1329	113
10:05:59	41504	53315	20876	1329	113
10:06:01	41504	53315	20876	1329	113
10:06:04	41502	53315	20876	1329	113
10:06:06	41505	53315	20876	1329	113
10:06:08	41504	53315	20876	1329	113
10:06:10	41256	53315	21123	1329	113
10:06:12	41146	53315	21237	1329	113
10:06:14	41146	53315	21237	1329	113
10:06:16	41145	53315	21237	1329	113
10:06:18	41141	53315	21237	1329	113
10:06:20	41143	53315	21237	1329	113
10:06:22	41140	53315	21237	1329	113
10:06:24	41140	53315	21237	1329	113
10:06:26	41140	53315	21237	1329	113
10:06:28	41143	53315	21237	1329	113
10:06:30	41137	53315	21237	1329	113
10:06:32	41142	53315	21237	1329	113
10:06:34	41142	53315	21237	1329	113
10:06:36	41144	53315	21237	1329	113
10:06:38	41143	53315	21237	1329	113
10:06:41	41145	53315	21237	1329	113
10:06:43	41148	53315	21237	1329	113
10:06:45	41148	53315	21237	1329	113
10:06:47	41148	53315	21237	1329	113
10:06:49	41148	53315	21237	1329	113
10:06:51	41148	53315	21237	1329	113
10:06:53	41147	53315	21237	1329	113
10:06:55	41151	53315	21237	1329	113
10:06:57	41151	53315	21237	1329	113
10:06:59	41150	53315	21237	1329	113
10:07:01	41149	53315	21237	1329	113
10:07:03	41149	53315	21237	1329	113
10:07:05	41148	53315	21237	1329	113
10:07:07	41150	53315	21237	1329	113
10:07:09	41147	53315	21237	1329	113
10:07:11	41150	53315	21237	1329	113
10:07:13	41147	53315	21237	1329	113
10:07:16	41147	53315	21237	1329	113
10:07:18	41144	53315	21237	1329	113
10:07:20	41143	53315	21237	1329	113
10:07:22	41140	53315	21237	1329	113
10:07:24	41139	53315	21237	1329	113
10:07:26	41139	53315	21237	1329	113
10:07:28	41143	53315	21237	1329	113
10:07:30	41143	53315	21237	1329	113
10:07:32	41145	53315	21237	1329	113
10:07:34	41146	53315	21237	1329	113
10:07:36	41145	53315	21237	1329	113
10:07:38	41142	53315	21237	1329	113
10:07:40	41144	53315	21237	1329	113
10:07:42	41141	53315	21237	1329	113
10:07:44	41143	53315	21237	1329	113
10:07:46	41141	53315	21237	1329	113
10:07:49	41143	53315	21237	1329	113
10:07:51	41138	53315	21237	1329	113
10:07:53	41138	53315	21237	1329	113
10:07:55	41141	53315	21237	1329	113
10:07:57	41142	53315	21237	1329	113
10:07:59	41143	53315	21237	1329	113
10:08:01	41374	53315	21015	1329	113
10:08:03	41371	53315	21015	1329	113
10:08:05	41370	53315	21015	1329	113
10:08:07	41367	53315	21015	1329	113
10:08:09	41364	53315	21015	1329	113
10:08:11	41363	53315	21015	1329	113
10:08:13	41245	53315	21138	1329	113
10:08:15	41246	53315	21138	1329	113
10:08:17	41246	53315	21138	1329	113
10:08:19	41243	53315	21138	1329	113
10:08:21	41241	53315	21138	1329	113
10:08:24	41284	53315	21078	1329	113
10:08:26	41288	53315	21078	1329	113
10:08:28	41292	53315	21078	1329	113
10:08:30	41296	53315	21078	1329	113
10:08:32	41299	53315	21078	1329	113
10:08:34	41300	53315	21078	1329	113
10:08:36	41305	53315	21078	1329	113
10:08:38	41306	53315	21078	1329	113
10:08:40	41309	53315	21078	1329	113
10:08:42	41311	53315	21078	1329	113
10:08:44	41309	53315	21078	1329	113
10:08:46	41309	53315	21078	1329	113
10:08:48	41308	53315	21078	1329	113
10:08:50	41307	53315	21078	1329	113
10:08:52	41305	53315	21078	1329	113
10:08:54	41303	53315	21078	1329	113
10:08:56	41267	53315	21087	1329	113
10:08:58	41284	53315	21087	1329	113
10:09:01	41260	53315	21122	1329	113
10:09:03	41285	53315	21116	1329	113
10:09:05	41303	53315	21117	1329	113
10:09:07	41314	53315	21117	1329	113
10:09:09	41329	53315	21107	1329	113
10:09:11	41337	53315	21107	1329	113
10:09:13	41342	53315	21107	1329	113
10:09:15	41348	53315	21107	1329	113
10:09:17	41351	53315	21107	1329	113
10:09:19	41353	53315	21107	1329	113
10:09:21	41352	53315	21107	1329	113
10:09:23	41353	53315	21107	1329	113
10:09:25	41353	53315	21107	1329	113
10:09:27	41356	53315	21107	1329	113
10:09:29	41355	53315	21107	1329	113
10:09:31	41353	53315	21107	1329	113
10:09:33	41352	53315	21107	1329	113
10:09:35	41345	53315	21107	1329	113
10:09:37	41347	53315	21107	1329	113
10:09:39	41346	53315	21107	1329	113
10:09:42	41349	53315	21107	1329	113
10:09:44	41353	53315	21107	1329	113
10:09:46	41298	53315	21107	1329	113
10:09:48	41297	53315	21107	1329	113
10:09:50	41292	53320	21107	1329	113
10:09:52	41292	53320	21107	1329	113
10:09:54	41292	53320	21107	1329	113
10:09:56	41292	53320	21107	1329	113
10:09:58	41294	53320	21107	1329	113
10:10:00	41293	53320	21107	1329	113
10:10:02	41294	53320	21107	1329	113
10:10:04	41293	53320	21107	1329	113
10:10:06	41289	53320	21107	1329	113
10:10:08	41291	53320	21107	1329	113
10:10:10	41290	53320	21107	1329	113
10:10:12	41291	53320	21107	1329	113
10:10:14	41291	53320	21107	1329	113
10:10:16	41294	53320	21107	1329	113
10:10:18	41299	53320	21107	1329	113
10:10:20	41304	53320	21107	1329	113
10:10:22	41306	53320	21107	1329	113
10:10:24	41304	53320	21107	1329	113
10:10:26	41336	53320	21107	1329	113
10:10:28	41338	53320	21107	1329	113
10:10:30	41347	53320	21107	1329	113
10:10:32	41348	53320	21107	1329	113
10:10:35	41346	53320	21107	1329	113
10:10:37	41344	53320	21107	1329	113
10:10:39	41342	53320	21107	1329	113
10:10:41	41345	53320	21107	1329	113
10:10:43	41343	53320	21107	1329	113
10:10:45	41342	53320	21107	1329	113
10:10:47	41338	53320	21107	1329	113
10:10:49	41338	53320	21107	1329	113
10:10:51	41338	53320	21107	1329	113
10:10:53	41246	53320	21178	1330	113
10:10:55	41250	53320	21188	1331	113
10:10:57	41248	53320	21189	1331	113
10:10:59	41221	53320	21233	1331	113
10:11:01	41193	53320	21254	1331	113
10:11:03	41195	52760	21233	1331	113
10:11:05	41222	53320	21216	1331	113
10:11:07	41203	53320	21216	1331	113
10:11:09	41205	53320	21216	1331	113
10:11:11	41205	53320	21216	1331	113
10:11:13	41204	53320	21233	1331	113
10:11:15	41214	53320	21233	1331	113
10:11:17	41169	53320	21219	1331	113
10:11:19	41111	53320	21229	1331	113
10:11:21	40997	53320	21231	1331	113
10:11:23	40963	53320	21256	1331	113
10:11:25	40961	53320	21266	1331	113
10:11:27	40961	53320	21266	1331	113
10:11:30	40965	53320	21266	1331	113
10:11:32	40963	53320	21266	1331	113
10:11:34	40966	53320	21263	1331	113
10:11:36	40970	53320	21263	1331	113
10:11:38	40978	53320	21263	1331	113
10:11:40	40978	53320	21263	1331	113
10:11:42	40982	53320	21263	1331	113
10:11:44	40984	53320	21263	1331	113
10:11:46	40985	53320	21263	1331	113
10:11:48	40980	53320	21263	1331	113
10:11:50	40980	53320	21263	1331	113
10:11:52	40980	53320	21263	1331	113
10:11:54	40979	53320	21263	1331	113
10:11:56	40979	53320	21263	1331	113
10:11:58	40981	53320	21263	1331	113
10:12:00	40981	53320	21263	1331	113
10:12:02	40978	53320	21263	1331	113
10:12:04	40978	53320	21263	1331	113
10:12:06	40979	53320	21263	1331	113
10:12:08	40724	53320	21509	1331	113
10:12:10	40615	53320	21622	1331	113
10:12:12	40615	53320	21622	1331	113
10:12:14	40615	53320	21622	1331	113
10:12:16	40616	53320	21622	1331	113
10:12:19	40616	53320	21622	1331	113
10:12:21	40614	53320	21622	1331	113
10:12:23	40614	53320	21622	1331	113
10:12:25	40613	53320	21622	1331	113
10:12:27	40613	53320	21622	1331	113
10:12:29	40612	53320	21622	1331	113
10:12:31	40611	53320	21622	1331	113
10:12:33	40612	53320	21622	1331	113
10:12:35	40614	53320	21622	1331	113
10:12:37	40615	53320	21622	1331	113
10:12:39	40621	53320	21622	1331	113
10:12:41	40622	53320	21622	1331	113
10:12:43	40621	53320	21622	1331	113
10:12:45	40621	53320	21622	1331	113
10:12:47	40614	53320	21622	1331	113
10:12:49	40615	53320	21622	1331	113
10:12:52	40614	53320	21622	1331	113
10:12:54	40614	53320	21622	1331	113
10:12:56	40614	53320	21622	1331	113
10:12:58	40616	53320	21622	1331	113
10:13:00	40616	53320	21622	1331	113
10:13:02	40617	53320	21622	1331	113
10:13:04	40616	53320	21622	1331	113
10:13:06	40616	53320	21622	1331	113
10:13:08	40616	53320	21622	1331	113
10:13:10	40616	53320	21622	1331	113
10:13:12	40615	53320	21622	1331	113
10:13:14	40616	53320	21622	1331	113
10:13:16	40616	53320	21622	1331	113
10:13:18	40615	53320	21622	1331	113
10:13:20	40618	53320	21622	1331	113
10:13:22	40617	53320	21622	1331	113
10:13:24	40620	53320	21622	1331	113
10:13:26	40617	53320	21622	1331	113
10:13:29	40623	53320	21622	1331	113
10:13:31	40623	53320	21622	1331	113
10:13:33	40623	53320	21622	1331	113
10:13:35	40624	53320	21622	1331	113
10:13:37	40625	53320	21622	1331	113
10:13:39	40621	53320	21622	1331	113
10:13:41	40620	53320	21622	1331	113
10:13:43	40621	53320	21622	1331	113
10:13:45	40621	53320	21622	1331	113
10:13:47	40620	53320	21622	1331	113
10:13:49	40620	53320	21622	1331	113
10:13:51	40621	53320	21622	1331	113
10:13:53	40621	53320	21622	1331	113
10:13:55	40620	53320	21622	1331	113
10:13:57	40619	53320	21622	1331	113
10:13:59	40620	53320	21622	1331	113
10:14:01	40622	53320	21622	1331	113
10:14:04	40622	53320	21622	1331	113
10:14:06	40616	53320	21622	1331	113
10:14:08	40617	53320	21622	1331	113
10:14:10	40613	53320	21622	1331	113
10:14:12	40616	53320	21622	1331	113
10:14:14	40619	53320	21622	1331	113
10:14:16	40620	53320	21622	1331	113
10:14:18	40618	53320	21622	1331	113
10:14:20	40615	53320	21622	1331	113
10:14:22	40620	53320	21622	1331	113
10:14:24	40624	53320	21622	1331	113
10:14:26	40627	53320	21622	1331	113
10:14:28	40860	53320	21399	1331	113
10:14:30	40858	53320	21399	1331	113
10:14:32	40858	53320	21399	1331	113
10:14:34	40855	53320	21399	1331	113
10:14:36	40856	53320	21399	1331	113
10:14:38	40856	53320	21399	1331	113
10:14:42	40855	53320	21399	1331	113
10:14:44	40694	53320	21544	1331	113
10:14:46	40696	53320	21544	1331	113
10:14:48	40695	53320	21544	1331	113
10:14:50	40695	53320	21544	1331	113
10:14:52	40695	53320	21544	1331	113
10:14:54	40697	53320	21544	1331	113
10:14:56	40779	53320	21463	1331	113
10:14:58	40777	53320	21463	1331	113
10:15:00	40778	53320	21463	1331	113
10:15:02	40777	53320	21463	1331	113
10:15:04	40781	53320	21463	1331	113
10:15:06	40782	53320	21463	1331	113
10:15:08	40784	53320	21463	1331	113
10:15:13	40787	53320	21463	1331	113
10:15:15	40791	53320	21463	1331	113
10:15:17	40790	53320	21463	1331	113
10:15:19	40791	53320	21463	1331	113
10:15:21	40790	53320	21463	1331	113
10:15:23	40791	53320	21463	1331	113
10:15:25	40788	53320	21463	1331	113
10:15:27	40789	53320	21463	1331	113
10:15:29	40378	53320	21473	1331	113
10:15:31	40699	53320	21473	1331	113
10:15:33	40674	53320	21510	1331	113
10:15:35	40705	53320	21492	1331	113
10:15:37	40720	53320	21492	1331	113
10:15:39	40727	53320	21492	1331	113
10:15:41	40736	53320	21492	1331	113
10:15:43	40740	53320	21492	1331	113
10:15:45	40742	53320	21492	1331	113
10:15:47	40740	53320	21492	1331	113
10:15:49	40743	53320	21492	1331	113
10:15:51	40748	53320	21492	1331	113
10:15:53	40755	53320	21492	1331	113
10:15:55	40753	53320	21492	1331	113
10:15:57	40753	53320	21492	1331	113
10:15:59	40753	53320	21492	1331	113
10:16:01	40753	53320	21492	1331	113
10:16:03	40754	53320	21492	1331	113
10:16:05	40752	53320	21492	1331	113
10:16:08	40754	53320	21492	1331	113
10:16:11	40752	53320	21492	1331	113
10:16:13	40689	53320	21492	1331	113
10:16:15	40689	53320	21492	1331	113
10:16:17	40690	53320	21492	1331	113
10:16:19	40690	53320	21492	1331	113
10:16:21	40692	53320	21492	1331	113
10:16:23	40689	53320	21492	1331	113
10:16:25	40687	53320	21492	1331	113
10:16:27	40689	53320	21492	1331	113
10:16:29	40691	53320	21492	1331	113
10:16:31	40690	53320	21492	1331	113
10:16:33	40693	53320	21492	1331	113
10:16:35	40692	53320	21492	1331	113
10:16:37	40694	53320	21492	1331	113
10:16:40	40703	53320	21492	1331	113
10:16:42	40708	53320	21492	1331	113
10:16:44	40709	53320	21492	1331	113
10:16:46	40712	53320	21492	1331	113
10:16:48	40755	53320	21492	1331	113
10:16:50	40756	53320	21492	1331	113
10:16:52	40750	53320	21492	1331	113
10:16:54	40754	53320	21492	1331	113
10:16:56	40753	53320	21492	1331	113
10:16:58	40752	53320	21492	1331	113
10:17:00	40754	53320	21492	1331	113
10:17:02	40749	53320	21492	1331	113
10:17:04	40749	53320	21492	1331	113
10:17:06	40749	53320	21492	1331	113
10:17:08	40752	53320	21492	1331	113
10:17:10	40745	53320	21492	1331	113
10:17:12	40747	53320	21492	1331	113
10:17:14	40748	53320	21492	1331	113
10:17:16	40748	53320	21492	1331	113
10:17:18	40747	53320	21492	1331	113
10:17:20	40748	53320	21492	1331	113
10:17:22	40747	53320	21492	1331	113
10:17:24	40745	53320	21492	1331	113
10:17:26	40746	53320	21492	1331	113
10:17:28	40747	53320	21492	1331	113
10:17:30	40745	53320	21492	1331	113
10:17:32	40748	53320	21492	1331	113
10:17:35	40745	53320	21492	1331	113
10:17:37	40745	53320	21492	1331	113
10:17:39	40744	53320	21492	1331	113
10:17:43	40746	53320	21492	1331	113
10:17:45	40752	53320	21492	1331	113
10:17:47	40749	53320	21492	1331	113
10:17:49	40749	53320	21492	1331	113
10:17:51	40745	53320	21492	1331	113
10:17:53	40747	53320	21492	1331	113
10:17:55	40748	53320	21492	1331	113
10:17:57	40744	53320	21492	1331	113
10:17:59	40744	53320	21492	1331	113
10:18:01	40743	53320	21492	1331	113
10:18:03	40744	53320	21493	1331	113
10:18:05	40748	53320	21493	1331	113
10:18:07	40748	53320	21493	1331	113
10:18:09	40742	53320	21493	1331	113
10:18:12	40742	53320	21493	1331	113
10:18:14	40748	53320	21493	1331	113
10:18:16	40743	53320	21493	1331	113
10:18:18	40744	53320	21493	1331	113
10:18:20	40745	53320	21493	1331	113
10:18:22	40745	53320	21493	1331	113
10:18:24	40747	53320	21493	1331	113
10:18:26	40743	53320	21493	1331	113
10:18:28	40739	53320	21493	1331	113
10:18:30	40740	53320	21493	1331	113
10:18:32	40740	53320	21493	1331	113
10:18:34	40741	53320	21493	1331	113
10:18:36	40743	53320	21493	1331	113
10:18:38	40775	53661	21539	1331	113
10:18:40	40262	53661	21561	1332	113
10:18:42	40377	53662	21539	1332	113
10:18:44	40353	53662	21539	1332	113
10:18:46	40333	53662	21587	1332	113
10:18:49	40336	53662	21587	1332	113
10:18:51	40352	53662	21565	1332	113
10:18:53	40350	53662	21565	1332	113
10:18:55	40330	53662	21587	1332	113
10:18:57	40339	53662	21565	1332	113
10:18:59	40331	53667	21565	1332	113
10:19:01	40344	53667	21565	1332	113
10:19:03	40327	53667	21587	1332	113
10:19:05	40782	53667	21587	1332	113
10:19:07	40349	53667	21565	1332	113
10:19:09	40249	53667	21626	1332	113
10:19:11	40169	53667	21656	1332	113
10:19:13	40141	53667	21672	1332	113
10:19:15	40126	53667	21673	1332	113
10:19:17	40088	53667	21683	1332	113
10:19:19	40087	53667	21683	1332	113
10:19:21	40086	53667	21683	1332	113
10:19:23	40087	53667	21679	1332	113
10:19:25	40090	53667	21679	1332	113
10:19:27	40095	53667	21679	1332	113
10:19:29	40099	53667	21679	1332	113
10:19:31	40102	53667	21679	1332	113
10:19:33	40102	53667	21679	1332	113
10:19:35	40104	53667	21679	1332	113
10:19:37	40098	53667	21679	1332	113
10:19:39	40099	53667	21679	1332	113
10:19:41	40101	53667	21679	1332	113
10:19:44	40104	53667	21679	1332	113
10:19:46	40105	53667	21679	1332	113
10:19:48	40098	53667	21679	1332	113
10:19:50	40103	53667	21679	1332	113
10:19:52	40103	53667	21679	1332	113
10:19:54	40104	53667	21679	1332	113
10:19:56	40106	53667	21679	1332	113
10:19:58	40106	53667	21679	1332	113
10:20:00	39726	53667	22037	1332	113
10:20:02	39726	53667	22037	1332	113
10:20:04	39724	53667	22037	1332	113
10:20:06	39719	53667	22037	1332	113
10:20:08	39718	53667	22037	1332	113
10:20:10	39716	53667	22037	1332	113
10:20:12	39719	53667	22037	1332	113
10:20:14	39717	53667	22037	1332	113
10:20:16	39721	53667	22037	1332	113
10:20:18	39726	53667	22037	1332	113
10:20:20	39737	53667	22037	1332	113
10:20:22	39742	53667	22037	1332	113
10:20:25	39745	53667	22037	1332	113
10:20:27	39748	53667	22037	1332	113
10:20:29	39746	53667	22037	1332	113
10:20:31	39747	53667	22037	1332	113
10:20:33	39745	53667	22037	1332	113
10:20:35	39751	53667	22037	1332	113
10:20:37	39752	53667	22037	1332	113
10:20:39	39754	53667	22037	1332	113
10:20:41	39753	53667	22037	1332	113
10:20:43	39754	53667	22037	1332	113
10:20:45	39750	53667	22037	1332	113
10:20:47	39747	53667	22037	1332	113
10:20:49	39746	53667	22037	1332	113
10:20:51	39747	53667	22037	1332	113
10:20:53	39748	53667	22037	1332	113
10:20:55	39748	53667	22037	1332	113
10:20:57	39747	53667	22037	1332	113
10:20:59	39748	53667	22037	1332	113
10:21:02	39746	53667	22037	1332	113
10:21:04	39749	53667	22037	1332	113
10:21:06	39750	53667	22037	1332	113
10:21:08	39749	53667	22037	1332	113
10:21:10	39747	53667	22037	1332	113
10:21:12	39748	53667	22037	1332	113
10:21:14	39749	53667	22037	1332	113
10:21:16	39750	53667	22037	1332	113
10:21:18	39750	53667	22037	1332	113
10:21:20	39752	53667	22037	1332	113
10:21:22	39754	53667	22037	1332	113
10:21:24	39753	53667	22037	1332	113
10:21:26	39754	53667	22037	1332	113
10:21:28	39752	53667	22037	1332	113
10:21:30	39753	53667	22037	1332	113
10:21:32	39752	53667	22037	1332	113
10:21:34	39751	53667	22037	1332	113
10:21:37	39752	53667	22037	1332	113
10:21:39	39749	53667	22037	1332	113
10:21:41	39746	53667	22037	1332	113
10:21:43	39748	53667	22037	1332	113
10:21:45	39746	53667	22037	1332	113
10:21:47	39749	53667	22037	1332	113
10:21:49	39744	53667	22037	1332	113
10:21:51	39739	53667	22037	1332	113
10:21:53	39741	53667	22037	1332	113
10:21:55	39743	53667	22037	1332	113
10:21:57	39745	53667	22037	1332	113
10:21:59	39744	53667	22037	1332	113
10:22:01	39745	53667	22037	1332	113
10:22:03	39743	53667	22037	1332	113
10:22:05	39746	53667	22037	1332	113
10:22:07	39741	53667	22037	1332	113
10:22:09	39744	53667	22037	1332	113
10:22:12	39744	53667	22037	1332	113
10:22:14	39969	53667	21812	1332	113
10:22:16	39970	53667	21812	1332	113
10:22:18	39973	53667	21812	1332	113
10:22:20	39974	53667	21812	1332	113
10:22:22	39974	53667	21812	1332	113
10:22:24	39975	53667	21812	1332	113
10:22:26	39975	53667	21812	1332	113
10:22:28	39847	53667	21944	1332	113
10:22:30	39847	53667	21944	1332	113
10:22:32	39842	53667	21944	1332	113
10:22:34	39842	53667	21944	1332	113
10:22:36	39845	53667	21944	1332	113
10:22:38	39841	53667	21944	1332	113
10:22:40	39839	53667	21944	1332	113
10:22:42	39917	53667	21871	1332	113
10:22:44	39919	53667	21871	1332	113
10:22:46	39919	53667	21871	1332	113
10:22:48	39918	53667	21871	1332	113
10:22:50	39919	53667	21871	1332	113
10:22:52	39920	53667	21871	1332	113
10:22:54	39920	53667	21871	1332	113
10:22:56	39919	53667	21871	1332	113
10:22:59	39919	53667	21871	1332	113
10:23:01	39919	53667	21871	1332	113
10:23:03	39918	53667	21871	1332	113
10:23:05	39916	53667	21871	1332	113
10:23:07	39918	53667	21871	1332	113
10:23:09	39916	53667	21871	1332	113
10:23:11	39916	53667	21871	1332	113
10:23:13	39552	53663	21871	1332	113
10:23:15	39546	53667	21883	1332	113
10:23:17	39574	53667	21876	1332	113
10:23:19	39584	53667	21876	1332	113
10:23:22	39600	53667	21876	1332	113
10:23:24	39607	53667	21876	1332	113
10:23:26	39610	53667	21876	1332	113
10:23:28	39638	53667	21876	1332	113
10:23:30	39646	53667	21876	1332	113
10:23:32	39661	53667	21876	1332	113
10:23:34	39673	53667	21876	1332	113
10:23:36	39684	53667	21876	1332	113
10:23:38	39700	53667	21876	1332	113
10:23:40	39717	53667	21876	1332	113
10:23:42	39732	53667	21876	1332	113
10:23:44	39740	53667	21876	1332	113
10:23:46	39756	53667	21876	1332	113
10:23:48	39770	53667	21876	1332	113
10:23:50	39777	53667	21876	1332	113
10:23:52	39792	53667	21876	1332	113
10:23:54	39810	53667	21876	1332	113
10:23:56	39824	53667	21876	1332	113
10:23:58	39831	53667	21876	1332	113
10:24:00	39790	53667	21876	1332	113
10:24:02	39796	53667	21876	1332	113
10:24:04	39813	53667	21876	1332	113
10:24:06	39819	53667	21876	1332	113
10:24:08	39827	53667	21876	1332	113
10:24:11	39842	53667	21876	1332	113
10:24:13	39867	53667	21876	1332	113
10:24:15	39883	53667	21876	1332	113
10:24:17	39895	53667	21876	1332	113
10:24:19	39903	53667	21876	1332	113
10:24:21	39907	53667	21876	1332	113
10:24:23	39912	53667	21876	1332	113
10:24:25	39917	53667	21876	1332	113
10:24:27	39920	53667	21876	1332	113
10:24:29	39922	53667	21876	1332	113
10:24:31	39924	53667	21876	1332	113
10:24:33	39970	53667	21876	1332	113
10:24:35	39971	53667	21876	1332	113
10:24:37	39973	53667	21876	1332	113
10:24:39	39972	53667	21876	1332	113
10:24:41	39972	53667	21876	1332	113
10:24:43	39971	53667	21876	1332	113
10:24:45	39968	53667	21876	1332	113
10:24:47	39962	53667	21876	1332	113
10:24:49	39961	53667	21876	1332	113
10:24:51	39961	53667	21876	1332	113
10:24:53	39961	53667	21876	1332	113
10:24:55	39960	53667	21876	1332	113
10:24:58	39965	53667	21876	1332	113
10:25:00	39961	53667	21876	1332	113
10:25:02	39961	53667	21876	1332	113
10:25:04	39967	53667	21876	1332	113
10:25:06	39969	53667	21876	1332	113
10:25:08	39970	53667	21876	1332	113
10:25:10	39968	53667	21876	1332	113
10:25:12	39971	53667	21876	1332	113
10:25:14	39972	53667	21876	1332	113
10:25:16	39972	53667	21876	1332	113
10:25:18	39968	53667	21876	1332	113
10:25:20	39884	53667	21951	1332	113
10:25:22	39938	53667	21897	1334	113
10:25:24	39929	53667	21899	1334	113
10:25:26	39918	53667	21899	1334	113
10:25:28	39908	53667	21922	1334	113
10:25:30	39934	53667	21901	1334	113
10:25:32	39915	53667	21907	1334	113
10:25:34	39919	53667	21907	1334	113
10:25:36	39921	53667	21907	1334	113
10:25:38	39926	53667	21907	1334	113
10:25:40	39916	53667	21907	1334	113
10:25:42	39912	53667	21928	1334	113
10:25:44	39891	53667	21928	1334	113
10:25:46	39899	53667	21909	1334	113
10:25:48	39878	53667	21923	1334	113
10:25:50	39818	53667	21947	1334	113
10:25:53	39809	53667	21969	1334	113
10:25:55	39814	53667	21969	1334	113
10:25:57	39766	53667	21974	1334	113
10:25:59	39766	53667	21974	1334	113
10:26:01	39766	53667	21974	1334	113
10:26:03	39768	53667	21972	1334	113
10:26:05	39769	53667	21972	1334	113
10:26:07	39772	53667	21971	1334	113
10:26:09	39776	53667	21971	1334	113
10:26:11	39778	53667	21971	1334	113
10:26:13	39780	53667	21971	1334	113
10:26:15	39780	53667	21971	1334	113
10:26:17	39782	53667	21971	1334	113
10:26:19	39786	53667	21971	1334	113
10:26:21	39785	53667	21971	1334	113
10:26:23	39785	53667	21971	1334	113
10:26:25	39788	53667	21971	1334	113
10:26:27	39788	53667	21971	1334	113
10:26:29	39787	53667	21971	1334	113
10:26:31	39789	53667	21971	1334	113
10:26:33	39769	53667	21971	1334	113
10:26:35	39767	53667	21971	1334	113
10:26:37	39768	53667	21971	1334	113
10:26:39	39767	53667	21971	1334	113
10:26:41	39764	53667	21971	1334	113
10:26:43	39368	53667	22356	1334	113
10:26:46	39369	53667	22356	1334	113
10:26:48	39370	53667	22356	1334	113
10:26:50	39368	53667	22356	1334	113
10:26:52	39372	53667	22356	1334	113
10:26:54	39371	53667	22356	1334	113
10:26:56	39371	53667	22356	1334	113
10:26:58	39372	53667	22356	1334	113
10:27:00	39374	53667	22356	1334	113
10:27:02	39377	53667	22356	1334	113
10:27:04	39377	53667	22356	1334	113
10:27:06	39380	53667	22356	1334	113
10:27:08	39381	53667	22356	1334	113
10:27:10	39383	53667	22356	1334	113
10:27:12	39386	53667	22356	1334	113
10:27:14	39382	53667	22356	1334	113
10:27:16	39385	53667	22356	1334	113
10:27:18	39390	53667	22356	1334	113
10:27:20	39390	53667	22356	1334	113
10:27:23	39392	53667	22356	1334	113
10:27:25	39393	53667	22356	1334	113
10:27:27	39390	53667	22356	1334	113
10:27:29	39387	53667	22356	1334	113
10:27:31	39387	53667	22356	1334	113
10:27:33	39387	53667	22356	1334	113
10:27:35	39383	53667	22356	1334	113
10:27:37	39385	53667	22356	1334	113
10:27:39	39384	53667	22356	1334	113
10:27:41	39385	53667	22356	1334	113
10:27:43	39386	53667	22356	1334	113
10:27:45	39382	53667	22356	1334	113
10:27:47	39385	53667	22356	1334	113
10:27:49	39386	53667	22356	1334	113
10:27:51	39391	53667	22356	1334	113
10:27:53	39382	53667	22356	1334	113
10:27:55	39384	53667	22356	1334	113
10:27:57	39385	53667	22356	1334	113
10:28:00	39382	53667	22356	1334	113
10:28:02	39383	53667	22356	1334	113
10:28:04	39382	53667	22356	1334	113
10:28:06	39383	53667	22356	1334	113
10:28:08	39387	53667	22356	1334	113
10:28:10	39385	53667	22356	1334	113
10:28:12	39378	53667	22356	1334	113
10:28:14	39382	53667	22356	1334	113
10:28:16	39384	53667	22356	1334	113
10:28:18	39385	53667	22356	1334	113
10:28:20	39386	53667	22356	1334	113
10:28:22	39390	53667	22356	1334	113
10:28:24	39393	53667	22356	1334	113
10:28:26	39387	53667	22356	1334	113
10:28:28	39389	53667	22356	1334	113
10:28:30	39390	53667	22356	1334	113
10:28:33	39392	53667	22356	1334	113
10:28:35	39387	53667	22356	1334	113
10:28:37	39386	53667	22356	1334	113
10:28:39	39386	53667	22356	1334	113
10:28:41	39384	53667	22356	1334	113
10:28:43	39387	53667	22356	1334	113
10:28:45	39388	53667	22356	1334	113
10:28:47	39385	53667	22356	1334	113
10:28:49	39634	53667	22114	1334	113
10:28:51	39633	53667	22114	1334	113
10:28:53	39633	53667	22114	1334	113
10:28:55	39633	53667	22114	1334	113
10:28:57	39634	53667	22114	1334	113
10:28:59	39637	53667	22114	1334	113
10:29:01	39636	53667	22114	1334	113
10:29:03	39501	53667	22237	1334	113
10:29:05	39504	53667	22237	1334	113
10:29:07	39504	53667	22237	1334	113
10:29:09	39497	53667	22237	1334	113
10:29:11	39492	53667	22237	1334	113
10:29:13	39492	53667	22237	1334	113
10:29:16	39493	53667	22237	1334	113
10:29:18	39574	53667	22159	1334	113
10:29:20	39572	53667	22159	1334	113
10:29:22	39570	53667	22159	1334	113
10:29:24	39570	53667	22159	1334	113
10:29:26	39578	53667	22159	1334	113
10:29:28	39579	53667	22159	1334	113
10:29:30	39585	53667	22159	1334	113
10:29:32	39586	53667	22159	1334	113
10:29:34	39588	53667	22159	1334	113
10:29:36	39589	53667	22159	1334	113
10:29:38	39588	53667	22159	1334	113
10:29:41	39584	53667	22159	1334	113
10:29:43	39584	53667	22159	1334	113
10:29:45	39587	53667	22159	1334	113
10:29:47	39587	53667	22159	1334	113
10:29:49	39588	53667	22159	1334	113
10:29:51	39586	53667	22159	1334	113
10:29:53	39107	53667	22159	1334	113
10:29:55	39124	53667	22159	1334	113
10:29:58	39128	53667	22147	1334	113
10:30:00	39171	53667	22139	1334	113
10:30:02	39192	53667	22140	1334	113
10:30:04	39206	53667	22143	1334	113
10:30:06	39232	53667	22143	1334	113
10:30:08	39246	53667	22143	1334	113
10:30:10	39249	53667	22191	1334	113
10:30:12	39083	53667	22234	1334	113
10:30:14	39151	53667	22177	1334	113
10:30:16	39183	53667	22177	1334	113
10:30:18	39214	53667	22177	1334	113
10:30:20	39242	53667	22177	1334	113
10:30:22	39272	53667	22177	1334	113
10:30:24	39306	53667	22177	1334	113
10:30:26	39335	53667	22177	1334	113
10:30:28	39365	53667	22177	1334	113
10:30:30	39393	53667	22177	1334	113
10:30:32	39417	53667	22177	1334	113
10:30:34	39437	53667	22177	1334	113
10:30:36	39457	53667	22177	1334	113
10:30:38	39474	53667	22177	1334	113
10:30:41	39488	53667	22177	1334	113
10:30:43	39510	53667	22177	1334	113
10:30:45	39475	53667	22182	1334	113
10:30:47	39477	53667	22182	1334	113
10:30:49	39478	53667	22182	1334	113
10:30:52	39478	53667	22182	1334	113
10:30:54	39484	53667	22182	1334	113
10:30:56	39487	53667	22182	1334	113
10:30:58	39488	53667	22182	1334	113
10:31:00	39491	53667	22182	1334	113
10:31:02	39490	53667	22182	1334	113
10:31:04	39493	53667	22182	1334	113
10:31:06	39495	53667	22182	1334	113
10:31:08	39496	53667	22182	1334	113
10:31:12	39496	53667	22182	1334	113
10:31:14	39500	53667	22182	1334	113
10:31:17	39504	53667	22182	1334	113
10:31:19	39507	53667	22182	1334	113
10:31:21	39506	53667	22182	1334	113
10:31:23	39550	53667	22182	1334	113
10:31:25	39548	53667	22182	1334	113
10:31:27	39546	53667	22182	1334	113
10:31:29	39546	53667	22182	1334	113
10:31:31	39544	53667	22182	1334	113
10:31:33	39547	53667	22182	1334	113
10:31:35	39538	53667	22182	1334	113
10:31:37	39540	53667	22182	1334	113
10:31:39	39541	53667	22182	1334	113
10:31:41	39541	53667	22182	1334	113
10:31:43	39537	53667	22182	1334	113
10:31:46	39539	53667	22182	1334	113
10:31:48	39541	53667	22182	1334	113
10:31:50	39540	53667	22182	1334	113
10:31:52	39540	53667	22182	1334	113
10:31:54	39541	53667	22182	1334	113
10:31:56	39542	53667	22182	1334	113
10:31:58	39544	53667	22182	1334	113
10:32:00	39546	53667	22182	1334	113
10:32:02	39546	53667	22182	1334	113
10:32:04	39546	53667	22182	1334	113
10:32:06	39545	53667	22182	1334	113
10:32:08	39545	53667	22182	1334	113
10:32:12	39545	53667	22182	1334	113
10:32:14	39542	53667	22182	1334	113
10:32:16	39542	53667	22182	1334	113
10:32:18	39538	53667	22182	1334	113
10:32:20	39538	53667	22182	1334	113
10:32:22	39539	53667	22182	1334	113
10:32:24	39541	53667	22182	1334	113
10:32:26	39542	53667	22182	1334	113
10:32:28	39541	53667	22182	1334	113
10:32:30	39537	53667	22182	1335	113
10:32:32	39509	53667	22203	1336	113
10:32:34	39531	53667	22182	1336	113
10:32:36	39473	53667	22232	1336	113
10:32:38	39447	53667	22232	1336	113
10:32:40	39442	53667	22274	1336	113
10:32:42	39442	53107	22253	1336	113
10:32:44	39456	53667	22232	1336	113
10:32:46	39446	53667	22248	1336	113
10:32:48	39428	53667	22248	1336	113
10:32:50	39411	53667	22289	1336	113
10:32:53	39449	53667	22268	1336	113
10:32:55	39472	53667	22248	1336	113
10:32:57	39456	53667	22248	1336	113
10:32:59	39457	53667	22248	1336	113
10:33:01	40206	53667	22248	1336	113
10:33:03	44013	53667	22248	1336	113
10:33:05	41047	53667	22248	1336	113
10:33:07	40895	53667	22248	1336	113
10:33:09	40753	53667	22248	1336	113
10:33:11	40593	53667	22248	1336	113
10:33:13	40443	53667	22248	1336	113
10:33:15	40293	53667	22248	1336	113
10:33:17	40143	53667	22247	1336	113
10:33:19	39998	53667	22247	1336	113
10:33:21	39855	53667	22247	1336	113
10:33:23	39698	53667	22247	1336	113
10:33:25	39553	53667	22247	1336	113
10:33:27	39394	53667	22247	1336	113
10:33:29	39244	53667	22247	1336	113
10:33:31	39105	53667	22247	1336	113
10:33:33	38956	53667	22247	1336	113
10:33:35	38806	53667	22247	1336	113
10:33:37	38650	53667	22247	1336	113
10:33:39	41307	53667	22247	1336	113
10:33:41	41176	53667	22247	1336	113
10:33:43	40958	53667	22247	1336	113
10:33:45	40779	53667	22254	1336	113
10:33:47	40740	53667	22282	1336	113
10:33:49	40444	53667	22312	1336	113
10:33:52	40074	53667	22318	1336	113
10:33:54	40005	53667	22318	1336	113
10:33:56	39919	53667	22318	1336	113
10:33:58	39928	53667	22318	1336	113
10:34:00	39941	53667	22318	1336	113
10:34:02	39985	53667	22316	1336	113
10:34:04	40018	53667	22316	1336	113
10:34:06	40061	53667	22316	1336	113
10:34:08	40081	53667	22316	1336	113
10:34:10	40114	53667	22316	1336	113
10:34:12	40133	53667	22316	1336	113
10:34:14	40147	53667	22316	1336	113
10:34:16	40236	53667	22253	1336	113
10:34:19	40251	53667	22253	1336	113
10:34:21	40262	53667	22253	1336	113
10:34:23	40275	53667	22253	1336	113
10:34:25	40281	53667	22253	1336	113
10:34:27	40290	53667	22253	1336	113
10:34:29	40293	53667	22253	1336	113
10:34:31	40298	53667	22253	1336	113
10:34:33	40296	53667	22253	1336	113
10:34:35	40303	53667	22253	1336	113
10:34:37	40306	53667	22253	1336	113
10:34:39	40309	53667	22253	1336	113
10:34:41	40309	53667	22253	1336	113
10:34:43	40309	53667	22253	1336	113
10:34:45	40309	53667	22253	1336	113
10:34:47	40051	53667	22514	1336	113
10:34:49	40055	53667	22514	1336	113
10:34:51	40057	53667	22514	1336	113
10:34:53	40056	53667	22514	1336	113
10:34:55	40058	53667	22514	1336	113
10:34:57	40055	53667	22514	1336	113
10:34:59	40055	53667	22514	1336	113
10:35:01	40055	53667	22514	1336	113
10:35:04	40055	53667	22514	1336	113
10:35:06	40052	53667	22514	1336	113
10:35:08	40052	53667	22514	1336	113
10:35:10	40050	53667	22514	1336	113
10:35:12	40048	53667	22514	1336	113
10:35:14	40042	53667	22514	1336	113
10:35:16	40049	53667	22514	1336	113
10:35:18	40050	53667	22514	1336	113
10:35:20	40047	53667	22514	1336	113
10:35:22	40049	53667	22514	1336	113
10:35:24	40052	53667	22514	1336	113
10:35:26	40053	53667	22514	1336	113
10:35:28	40056	53667	22514	1336	113
10:35:30	40057	53667	22514	1336	113
10:35:32	40056	53667	22514	1336	113
10:35:34	40056	53667	22514	1336	113
10:35:36	40053	53667	22514	1336	113
10:35:39	40054	53667	22514	1336	113
10:35:41	40053	53667	22514	1336	113
10:35:43	40053	53667	22514	1336	113
10:35:45	40057	53667	22514	1336	113
10:35:47	40058	53667	22514	1336	113
10:35:49	40055	53667	22514	1336	113
10:35:51	40057	53667	22514	1336	113
10:35:53	40058	53667	22514	1336	113
10:35:55	40058	53667	22514	1336	113
10:35:57	40058	53667	22514	1336	113
10:35:59	40058	53667	22514	1336	113
10:36:01	40057	53667	22514	1336	113
10:36:03	40055	53667	22514	1336	113
10:36:05	40057	53667	22514	1336	113
10:36:07	40059	53667	22514	1336	113
10:36:09	40060	53667	22514	1336	113
10:36:11	40057	53667	22514	1336	113
10:36:14	40056	53667	22514	1336	113
10:36:16	40057	53667	22514	1336	113
10:36:18	40058	53667	22514	1336	113
10:36:20	40057	53667	22514	1336	113
10:36:22	40056	53667	22514	1336	113
10:36:24	40059	53667	22514	1336	113
10:36:26	40056	53667	22514	1336	113
10:36:28	40054	53667	22514	1336	113
10:36:30	40048	53667	22514	1336	113
10:36:32	40050	53667	22514	1336	113
10:36:34	40052	53667	22514	1336	113
10:36:36	40056	53667	22514	1336	113
10:36:38	40319	53667	22253	1336	113
10:36:40	40321	53667	22253	1336	113
10:36:42	40322	53667	22253	1336	113
10:36:44	40321	53667	22253	1336	113
10:36:46	40322	53667	22253	1336	113
10:36:48	40316	53667	22253	1336	113
10:36:50	40282	53667	22289	1336	113
10:36:52	40280	53667	22289	1336	113
10:36:54	40282	53667	22289	1336	113
10:36:57	40279	53667	22289	1336	113
10:36:59	40277	53667	22289	1336	113
10:37:01	40318	53667	22253	1336	113
10:37:03	40319	53667	22253	1336	113
10:37:05	40319	53667	22253	1336	113
10:37:07	40316	53667	22253	1336	113
10:37:09	40315	53667	22253	1336	113
10:37:11	40317	53667	22253	1336	113
10:37:13	40319	53667	22253	1336	113
10:37:15	40315	53667	22253	1336	113
10:37:17	40315	53667	22253	1336	113
10:37:19	40317	53667	22253	1336	113
10:37:21	40317	53667	22253	1336	113
10:37:23	40320	53667	22253	1336	113
10:37:25	40317	53667	22253	1336	113
10:37:27	40312	53667	22253	1336	113
10:37:29	40313	53667	22253	1336	113
10:37:31	40316	53667	22253	1336	113
10:37:33	40311	53667	22253	1336	113
10:37:35	40317	53667	22253	1336	113
10:37:37	40317	53667	22253	1336	113
10:37:39	40264	53667	22253	1336	113
10:37:41	40260	53667	22259	1336	113
10:37:43	40261	53667	22253	1336	113
10:37:45	40259	53667	22253	1336	113
10:37:48	40255	53667	22253	1336	113
10:37:50	40251	53667	22253	1336	113
10:37:52	40254	53667	22253	1336	113
10:37:54	40254	53667	22253	1336	113
10:37:56	40252	53667	22253	1336	113
10:37:58	40253	53667	22253	1336	113
10:38:00	40251	53667	22253	1336	113
10:38:02	40251	53667	22253	1336	113
10:38:04	40251	53667	22253	1336	113
10:38:06	40254	53667	22253	1336	113
10:38:08	40254	53667	22253	1336	113
10:38:12	40253	53667	22253	1336	113
10:38:14	40251	53667	22253	1336	113
10:38:16	40251	53667	22253	1336	113
10:38:18	40250	53667	22253	1336	113
10:38:20	40252	53667	22253	1336	113
10:38:22	40253	53667	22253	1336	113
10:38:24	40251	53667	22253	1336	113
10:38:26	40309	53667	22194	1338	113
10:38:28	40305	53667	22194	1338	113
10:38:30	40284	53667	22195	1338	113
10:38:32	40283	53667	22195	1338	113
10:38:34	40278	53667	22214	1338	113
10:38:36	40299	53667	22195	1338	113
10:38:38	40301	53667	22195	1338	113
10:38:40	40292	53667	22195	1338	113
10:38:42	40307	53667	22195	1338	113
10:38:44	40285	53667	22214	1338	113
10:38:47	40289	53667	22195	1338	113
10:38:49	40295	53667	22195	1338	113
10:38:51	40282	53667	22195	1338	113
10:38:53	40218	53667	22205	1338	113
10:38:55	40053	53667	22207	1338	113
10:38:57	40046	53667	22223	1338	113
10:38:59	40024	53667	22224	1338	113
10:39:01	40001	53667	22233	1338	113
10:39:03	40003	53667	22233	1338	113
10:39:05	40002	53667	22233	1338	113
10:39:07	40002	53667	22233	1338	113
10:39:09	40009	53667	22230	1338	113
10:39:11	40011	53667	22230	1338	113
10:39:13	40015	53667	22230	1338	113
10:39:15	40016	53667	22230	1338	113
10:39:17	40018	53667	22230	1338	113
10:39:19	40020	53667	22230	1338	113
10:39:21	40020	53667	22230	1338	113
10:39:23	40025	53667	22230	1338	113
10:39:25	40023	53667	22230	1338	113
10:39:27	40024	53667	22230	1338	113
10:39:29	40025	53667	22230	1338	113
10:39:31	40023	53667	22230	1338	113
10:39:33	40022	53667	22230	1338	113
10:39:35	40021	53667	22230	1338	113
10:39:37	40024	53667	22230	1338	113
10:39:39	40024	53667	22230	1338	113
10:39:41	40023	53667	22230	1338	113
10:39:44	40023	53667	22230	1338	113
10:39:46	40020	53667	22230	1338	113
10:39:48	40020	53667	22230	1338	113
10:39:50	40017	53667	22230	1338	113
10:39:52	39724	53667	22523	1338	113
10:39:54	39577	53667	22659	1338	113
10:39:56	39579	53667	22659	1338	113
10:39:58	39579	53667	22659	1338	113
10:40:00	39581	53667	22659	1338	113
10:40:02	39581	53667	22659	1338	113
10:40:04	39581	53667	22659	1338	113
10:40:06	39579	53667	22659	1338	113
10:40:08	39579	53667	22659	1338	113
10:40:10	39579	53667	22659	1338	113
10:40:12	39581	53667	22659	1338	113
10:40:14	39587	53667	22659	1338	113
10:40:16	39592	53667	22659	1338	113
10:40:18	39594	53667	22659	1338	113
10:40:20	39596	53667	22659	1338	113
10:40:23	39601	53667	22659	1338	113
10:40:25	39597	53667	22659	1338	113
10:40:27	39599	53667	22659	1338	113
10:40:29	39598	53667	22659	1338	113
10:40:31	39598	53667	22659	1338	113
10:40:33	39600	53667	22659	1338	113
10:40:35	39601	53667	22659	1338	113
10:40:37	39601	53667	22659	1338	113
10:40:39	39598	53667	22659	1338	113
10:40:41	39596	53667	22659	1338	113
10:40:43	39598	53667	22659	1338	113
10:40:45	39598	53667	22659	1338	113
10:40:47	39596	53667	22659	1338	113
10:40:49	39596	53667	22659	1338	113
10:40:51	39597	53667	22659	1338	113
10:40:53	39597	53667	22659	1338	113
10:40:55	39598	53667	22659	1338	113
10:40:57	39599	53667	22659	1338	113
10:40:59	39595	53667	22659	1338	113
10:41:02	39590	53667	22659	1338	113
10:41:04	39594	53667	22659	1338	113
10:41:06	39597	53667	22659	1338	113
10:41:08	39597	53667	22659	1338	113
10:41:10	39597	53667	22659	1338	113
10:41:12	39596	53667	22659	1338	113
10:41:14	39596	53667	22659	1338	113
10:41:16	39597	53667	22659	1338	113
10:41:18	39599	53667	22659	1338	113
10:41:20	39599	53667	22659	1338	113
10:41:22	39601	53667	22659	1338	113
10:41:24	39601	53667	22659	1338	113
10:41:26	39602	53667	22659	1338	113
10:41:28	39599	53667	22659	1338	113
10:41:30	39600	53667	22659	1338	113
10:41:32	39602	53667	22659	1338	113
10:41:35	39600	53667	22659	1338	113
10:41:37	39869	53667	22392	1338	113
10:41:39	39869	53667	22392	1338	113
10:41:41	39868	53667	22392	1338	113
10:41:43	39870	53667	22392	1338	113
10:41:45	39869	53667	22392	1338	113
10:41:47	39869	53667	22392	1338	113
10:41:49	39773	53667	22483	1338	113
10:41:51	39743	53667	22516	1338	113
10:41:53	39737	53667	22516	1338	113
10:41:55	39739	53667	22516	1338	113
10:41:57	39737	53667	22516	1338	113
10:41:59	39732	53667	22516	1338	113
10:42:01	39729	53667	22516	1338	113
10:42:03	39730	53667	22516	1338	113
10:42:05	39733	53667	22516	1338	113
10:42:07	39805	53667	22449	1338	113
10:42:09	39805	53667	22449	1338	113
10:42:13	39810	53667	22449	1338	113
10:42:15	39812	53667	22449	1338	113
10:42:17	39812	53667	22449	1338	113
10:42:19	39810	53667	22449	1338	113
10:42:21	39811	53667	22449	1338	113
10:42:23	39810	53667	22449	1338	113
10:42:25	39807	53667	22449	1338	113
10:42:27	39808	53667	22449	1338	113
10:42:29	39810	53667	22449	1338	113
10:42:31	39811	53667	22449	1338	113
10:42:33	39811	53667	22449	1338	113
10:42:35	39810	53667	22449	1338	113
10:42:37	39808	53667	22449	1338	113
10:42:39	39809	53667	22449	1338	113
10:42:41	39810	53667	22449	1338	113
10:42:43	39811	53667	22449	1338	113
10:42:45	39815	53667	22449	1338	113
10:42:47	39288	53667	22449	1338	113
10:42:49	39300	53667	22449	1338	113
10:42:51	39319	53667	22458	1338	113
10:42:53	39335	53667	22449	1338	113
10:42:55	39343	53667	22449	1338	113
10:42:57	39355	53667	22449	1338	113
10:43:00	39368	53667	22449	1338	113
10:43:02	39380	53667	22449	1338	113
10:43:04	39395	53667	22449	1338	113
10:43:06	39419	53667	22449	1338	113
10:43:08	39428	53667	22449	1338	113
10:43:10	39447	53667	22449	1338	113
10:43:12	39463	53667	22449	1338	113
10:43:14	39478	53667	22449	1338	113
10:43:16	39496	53667	22449	1338	113
10:43:18	39507	53667	22449	1338	113
10:43:20	39520	53667	22449	1338	113
10:43:22	39536	53667	22449	1338	113
10:43:24	39545	53667	22449	1338	113
10:43:26	39559	53667	22449	1338	113
10:43:28	39575	53667	22449	1338	113
10:43:30	39591	53667	22449	1338	113
10:43:32	39608	53667	22449	1338	113
10:43:34	39618	53667	22449	1338	113
10:43:36	39627	53667	22449	1338	113
10:43:38	39644	53667	22449	1338	113
10:43:41	39658	53667	22449	1338	113
10:43:44	39639	53667	22449	1338	113
10:43:46	39651	53667	22449	1338	113
10:43:48	39659	53667	22449	1338	113
10:43:50	39668	53667	22449	1338	113
10:43:52	39672	53667	22449	1338	113
10:43:54	39675	53667	22449	1338	113
10:43:56	39672	53667	22449	1338	113
10:43:58	39674	53667	22449	1338	113
10:44:00	39683	53667	22449	1338	113
10:44:02	39686	53667	22449	1338	113
10:44:04	39684	53667	22449	1338	113
10:44:06	39684	53667	22449	1338	113
10:44:08	39684	53667	22449	1338	113
10:44:10	39684	53667	22449	1338	113
10:44:12	39687	53667	22449	1338	113
10:44:14	39685	53667	22449	1338	113
10:44:16	39691	53667	22449	1338	113
10:44:19	39692	53667	22449	1338	113
10:44:21	39692	53667	22449	1338	113
10:44:23	39693	53667	22449	1338	113
10:44:25	39722	53667	22459	1338	113
10:44:27	39719	53667	22459	1338	113
10:44:29	39721	53667	22459	1338	113
10:44:31	39716	53667	22459	1338	113
10:44:33	39715	53667	22459	1338	113
10:44:35	39715	53667	22459	1338	113
10:44:37	39707	53667	22460	1338	113
10:44:39	39710	53667	22460	1338	113
10:44:41	39710	53667	22460	1338	113
10:44:43	39707	53667	22460	1338	113
10:44:45	39707	53667	22460	1338	113
10:44:47	39707	53667	22460	1338	113
10:44:49	39709	53667	22460	1338	113
10:44:51	39708	53667	22460	1338	113
10:44:53	39700	53667	22460	1338	113
10:44:55	39702	53667	22460	1338	113
10:44:57	39705	53667	22460	1338	113
10:44:59	39709	53667	22460	1338	113
10:45:01	39693	53667	22470	1338	113
10:45:03	39686	53667	22492	1339	113
10:45:05	39651	53667	22512	1339	113
10:45:07	39650	53667	22494	1339	113
10:45:09	39628	53667	22521	1339	113
10:45:11	39615	53667	22521	1339	113
10:45:14	39622	53667	22521	1339	113
10:45:16	39599	53667	22525	1339	113
10:45:18	39578	53667	22545	1339	113
10:45:20	39572	53667	22563	1339	113
10:45:22	39585	53667	22563	1339	113
10:45:24	39604	53667	22563	1339	113
10:45:26	39619	53667	22546	1339	113
10:45:28	39574	53667	22550	1339	113
10:45:30	39409	53667	22575	1339	113
10:45:32	39411	53667	22580	1339	113
10:45:34	39366	53667	22590	1339	113
10:45:36	39280	53667	22590	1339	113
10:45:38	39292	53667	22590	1339	113
10:45:42	39305	53667	22590	1339	113
10:45:44	39327	53667	22588	1339	113
10:45:46	39335	53667	22588	1339	113
10:45:48	39343	53667	22588	1339	113
10:45:50	39348	53667	22588	1339	113
10:45:52	39350	53667	22588	1339	113
10:45:54	39352	53667	22588	1339	113
10:45:56	39353	53667	22588	1339	113
10:45:58	39355	53667	22588	1339	113
10:46:00	39357	53667	22588	1339	113
10:46:02	39358	53667	22588	1339	113
10:46:04	39357	53667	22588	1339	113
10:46:06	39354	53667	22588	1339	113
10:46:08	39358	53667	22588	1339	113
10:46:12	39359	53667	22588	1339	113
10:46:14	39357	53667	22588	1339	113
10:46:16	39358	53667	22588	1339	113
10:46:18	39005	53667	22932	1339	113
10:46:20	39002	53667	22932	1339	113
10:46:22	39003	53667	22932	1339	113
10:46:24	39003	53667	22932	1339	113
10:46:26	39001	53667	22932	1339	113
10:46:28	39001	53667	22932	1339	113
10:46:30	39001	53667	22932	1339	113
10:46:33	39002	53667	22932	1339	113
10:46:35	39004	53667	22932	1339	113
10:46:37	39001	53667	22932	1339	113
10:46:39	39019	53667	22932	1339	113
10:46:41	39021	53667	22932	1339	113
10:46:43	39030	53667	22932	1339	113
10:46:45	39021	53667	22932	1339	113
10:46:47	39023	53667	22932	1339	113
10:46:49	39027	53667	22932	1339	113
10:46:51	39031	53667	22932	1339	113
10:46:53	39033	53667	22932	1339	113
10:46:55	39035	53667	22932	1339	113
10:46:57	39036	53667	22932	1339	113
10:46:59	39037	53667	22932	1339	113
10:47:01	39030	53667	22932	1339	113
10:47:03	39033	53667	22932	1339	113
10:47:05	39036	53667	22932	1339	113
10:47:07	39038	53667	22932	1339	113
10:47:10	39039	53667	22932	1339	113
10:47:12	39040	53667	22932	1339	113
10:47:14	39039	53667	22932	1339	113
10:47:16	39039	53667	22932	1339	113
10:47:18	39040	53667	22932	1339	113
10:47:20	39041	53667	22932	1339	113
10:47:22	39037	53667	22932	1339	113
10:47:24	39038	53667	22932	1339	113
10:47:26	39037	53667	22932	1339	113
10:47:28	39040	53667	22932	1339	113
10:47:30	39040	53667	22932	1339	113
10:47:32	39040	53667	22932	1339	113
10:47:34	39041	53667	22932	1339	113
10:47:36	39038	53667	22932	1339	113
10:47:38	39032	53667	22932	1339	113
10:47:40	39040	53667	22932	1339	113
10:47:42	39034	53667	22932	1339	113
10:47:45	39033	53667	22932	1339	113
10:47:47	39035	53667	22932	1339	113
10:47:49	39033	53667	22932	1339	113
10:47:51	39036	53667	22932	1339	113
10:47:53	39039	53667	22932	1339	113
10:47:55	39039	53667	22932	1339	113
10:47:57	39039	53667	22932	1339	113
10:47:59	39040	53667	22932	1339	113
10:48:01	39038	53667	22932	1339	113
10:48:03	39038	53667	22932	1339	113
10:48:05	39033	53667	22932	1339	113
10:48:07	39033	53667	22932	1339	113
10:48:09	39035	53667	22932	1339	113
10:48:11	39033	53667	22932	1339	113
10:48:13	39033	53667	22932	1339	113
10:48:15	39034	53667	22932	1339	113
10:48:17	39032	53667	22932	1339	113
10:48:20	39029	53667	22932	1339	113
10:48:22	39027	53667	22932	1339	113
10:48:24	39028	53667	22932	1339	113
10:48:26	39033	53667	22932	1339	113
10:48:28	39034	53667	22932	1339	113
10:48:30	39037	53667	22932	1339	113
10:48:32	39037	53667	22932	1339	113
10:48:34	39035	53667	22932	1339	113
10:48:36	39035	53667	22932	1339	113
10:48:38	39034	53667	22932	1339	113
10:48:40	39033	53667	22932	1339	113
10:48:42	39034	53667	22932	1339	113
10:48:44	39031	53667	22932	1339	113
10:48:46	39025	53667	22932	1339	113
10:48:48	39031	53667	22932	1339	113
10:48:50	39028	53667	22932	1339	113
10:48:52	39029	53667	22932	1339	113
10:48:55	39253	53667	22714	1339	113
10:48:57	39253	53667	22714	1339	113
10:48:59	39255	53667	22714	1339	113
10:49:01	39255	53667	22714	1339	113
10:49:03	39252	53667	22714	1339	113
10:49:05	39252	53667	22714	1339	113
10:49:07	39252	53667	22714	1339	113
10:49:09	39252	53667	22714	1339	113
10:49:12	39248	53667	22714	1339	113
10:49:14	39066	53667	22885	1339	113
10:49:16	39066	53667	22885	1339	113
10:49:18	39061	53667	22885	1339	113
10:49:20	39068	53667	22885	1339	113
10:49:22	39068	53667	22885	1339	113
10:49:24	39067	53667	22885	1339	113
10:49:26	39065	53667	22885	1339	113
10:49:28	39164	53667	22786	1339	113
10:49:30	39168	53667	22786	1339	113
10:49:32	39173	53667	22786	1339	113
10:49:34	39178	53667	22786	1339	113
10:49:36	39181	53667	22786	1339	113
10:49:38	39182	53667	22786	1339	113
10:49:40	39180	53667	22786	1339	113
10:49:43	39176	53667	22786	1339	113
10:49:45	39176	53667	22786	1339	113
10:49:47	39175	53667	22786	1339	113
10:49:49	39178	53667	22786	1339	113
10:49:51	39177	53667	22786	1339	113
10:49:53	39177	53667	22786	1339	113
10:49:55	39173	53667	22786	1339	113
10:49:57	39176	53667	22786	1339	113
10:49:59	38766	53667	22786	1339	113
10:50:01	38782	53667	22786	1339	113
10:50:03	38796	53667	22794	1339	113
10:50:05	38890	53667	22726	1339	113
10:50:07	38906	53667	22727	1339	113
10:50:09	38917	53667	22727	1339	113
10:50:13	38932	53667	22727	1339	113
10:50:15	38967	53667	22727	1339	113
10:50:17	38984	53667	22727	1339	113
10:50:19	39000	53667	22727	1339	113
10:50:21	39017	53667	22727	1339	113
10:50:23	39032	53667	22727	1339	113
10:50:25	39048	53667	22727	1339	113
10:50:27	39061	53667	22727	1339	113
10:50:29	39074	53667	22727	1339	113
10:50:31	39088	53667	22727	1339	113
10:50:33	39105	53667	22727	1339	113
10:50:35	39122	53667	22727	1339	113
10:50:37	39140	53667	22727	1339	113
10:50:39	39158	53667	22727	1339	113
10:50:43	39174	53667	22727	1339	113
10:50:45	39140	53667	22792	1339	113
10:50:47	38914	54036	22727	1340	113
10:50:49	38877	54036	22753	1340	113
10:50:51	38885	54036	22727	1340	113
10:50:53	38919	54037	22684	1340	113
10:50:55	38855	54037	22766	1340	113
10:50:57	38861	54037	22714	1340	113
10:50:59	38863	54037	22715	1340	113
10:51:01	38879	54037	22741	1340	113
10:51:03	38887	54037	22715	1340	113
10:51:05	38895	54037	22715	1340	113
10:51:07	38865	54037	22741	1340	113
10:51:09	38877	54037	22715	1340	113
10:51:11	38879	54037	22741	1340	113
10:51:13	38908	54037	22715	1340	113
10:51:15	38888	54037	22715	1340	113
10:51:17	38867	54037	22741	1340	113
10:51:19	38862	54037	22716	1340	113
10:51:21	38771	54037	22719	1340	113
10:51:23	38706	54037	22748	1340	113
10:51:25	38683	54037	22761	1340	113
10:51:27	38619	54037	22771	1340	113
10:51:29	38632	54037	22771	1340	113
10:51:32	38639	54037	22771	1340	113
10:51:34	38645	54037	22771	1340	113
10:51:36	38654	54037	22768	1340	113
10:51:38	38662	54037	22768	1340	113
10:51:40	38663	54037	22768	1340	113
10:51:42	38669	54037	22768	1340	113
10:51:44	38672	54037	22768	1340	113
10:51:46	38675	54037	22768	1340	113
10:51:48	38674	54037	22768	1340	113
10:51:50	38671	54037	22768	1340	113
10:51:52	38671	54037	22768	1340	113
10:51:54	38676	54037	22768	1340	113
10:51:56	38672	54037	22768	1340	113
10:51:58	38672	54037	22768	1340	113
10:52:00	38669	54037	22768	1340	113
10:52:02	38668	54037	22768	1340	113
10:52:04	38669	54037	22768	1340	113
10:52:06	38672	54037	22768	1340	113
10:52:08	38673	54037	22768	1340	113
10:52:10	38673	54037	22768	1340	113
10:52:12	38675	54037	22768	1340	113
10:52:14	38675	54037	22768	1340	113
10:52:16	38675	54037	22768	1340	113
10:52:18	38251	54037	23181	1340	113
10:52:20	38249	54037	23181	1340	113
10:52:23	38247	54037	23181	1340	113
10:52:25	38248	54037	23181	1340	113
10:52:27	38248	54037	23181	1340	113
10:52:29	38246	54037	23181	1340	113
10:52:31	38246	54037	23181	1340	113
10:52:33	38239	54037	23181	1340	113
10:52:35	38241	54037	23181	1340	113
10:52:37	38242	54037	23181	1340	113
10:52:39	38241	54037	23181	1340	113
10:52:41	38246	54037	23181	1340	113
10:52:43	38252	54037	23181	1340	113
10:52:45	38256	54037	23181	1340	113
10:52:47	38256	54037	23181	1340	113
10:52:49	38258	54037	23181	1340	113
10:52:51	38260	54037	23181	1340	113
10:52:53	38259	54037	23181	1340	113
10:52:55	38260	54037	23181	1340	113
10:52:57	38261	54037	23181	1340	113
10:53:00	38261	54037	23181	1340	113
10:53:02	38254	54037	23181	1340	113
10:53:04	38251	54037	23181	1340	113
10:53:06	38258	54037	23181	1340	113
10:53:08	38258	54037	23181	1340	113
10:53:10	38257	54037	23181	1340	113
10:53:12	38259	54037	23181	1340	113
10:53:14	38259	54037	23181	1340	113
10:53:16	38258	54037	23181	1340	113
10:53:18	38257	54037	23181	1340	113
10:53:20	38260	54037	23181	1340	113
10:53:22	38260	54037	23181	1340	113
10:53:24	38258	54037	23181	1340	113
10:53:26	38258	54037	23181	1340	113
10:53:28	38259	54037	23181	1340	113
10:53:30	38261	54037	23181	1340	113
10:53:33	38260	54037	23181	1340	113
10:53:35	38259	54037	23181	1340	113
10:53:37	38260	54037	23181	1340	113
10:53:39	38262	54037	23181	1340	113
10:53:41	38261	54037	23181	1340	113
10:53:43	38262	54037	23181	1340	113
10:53:45	38261	54037	23181	1340	113
10:53:47	38257	54037	23181	1340	113
10:53:49	38256	54037	23181	1340	113
10:53:51	38256	54037	23181	1340	113
10:53:53	38256	54037	23181	1340	113
10:53:55	38258	54037	23181	1340	113
10:53:57	38258	54037	23181	1340	113
10:53:59	38256	54037	23181	1340	113
10:54:01	38252	54037	23181	1340	113
10:54:03	38251	54037	23181	1340	113
10:54:05	38250	54037	23181	1340	113
10:54:08	38252	54037	23181	1340	113
10:54:10	38253	54037	23181	1340	113
10:54:12	38520	54037	22920	1340	113
10:54:14	38517	54037	22920	1340	113
10:54:16	38516	54037	22920	1340	113
10:54:18	38515	54037	22920	1340	113
10:54:20	38521	54037	22920	1340	113
10:54:22	38521	54037	22920	1340	113
10:54:24	38447	54035	22988	1340	113
10:54:26	38452	54035	22988	1340	113
10:54:28	38450	54035	22988	1340	113
10:54:30	38449	54035	22988	1340	113
10:54:32	38452	54035	22988	1340	113
10:54:34	38450	54035	22988	1340	113
10:54:36	38452	54035	22988	1340	113
10:54:38	38526	54035	22920	1340	113
10:54:40	38525	54035	22920	1340	113
10:54:42	38524	54035	22920	1340	113
10:54:44	38523	54035	22920	1340	113
10:54:46	38522	54035	22920	1340	113
10:54:48	38522	54035	22920	1340	113
10:54:50	38524	54035	22920	1340	113
10:54:52	38524	54035	22920	1340	113
10:54:54	38522	54035	22920	1340	113
10:54:57	38523	54035	22920	1340	113
10:54:59	38525	54035	22920	1340	113
10:55:01	38521	54035	22920	1340	113
10:55:03	38520	54035	22920	1340	113
10:55:05	38523	54035	22920	1340	113
10:55:07	38526	54035	22920	1340	113
10:55:09	38525	54035	22920	1340	113
10:55:12	38526	54035	22920	1340	113
10:55:14	38525	54035	22920	1340	113
10:55:16	38522	54035	22920	1340	113
10:55:18	38520	54035	22920	1340	113
10:55:20	38520	54035	22920	1340	113
10:55:22	38504	54035	22928	1340	113
10:55:24	38512	54035	22920	1340	113
10:55:26	38513	54035	22920	1340	113
10:55:28	38512	54035	22920	1340	113
10:55:30	38513	54035	22920	1340	113
10:55:32	38512	54035	22920	1340	113
10:55:34	38512	54035	22920	1340	113
10:55:36	38508	54035	22920	1340	113
10:55:38	38507	54035	22920	1340	113
10:55:40	38505	54035	22920	1340	113
10:55:42	38507	54035	22920	1340	113
10:55:44	38508	54035	22920	1340	113
10:55:46	38508	54035	22920	1340	113
10:55:48	38509	54035	22920	1340	113
10:55:51	38507	54035	22920	1340	113
10:55:53	38509	54035	22920	1340	113
10:55:55	38508	54035	22920	1340	113
10:55:57	38507	54035	22920	1340	113
10:55:59	38508	54035	22920	1340	113
10:56:01	38505	54035	22920	1340	113
10:56:03	38506	54035	22920	1340	113
10:56:05	38504	54035	22920	1340	113
10:56:07	38505	54035	22920	1340	113
10:56:09	38506	54035	22920	1340	113
10:56:11	38506	54035	22920	1340	113
10:56:13	38506	54035	22920	1340	113
10:56:15	38506	54035	22920	1340	113
10:56:17	38504	54035	22920	1340	113
10:56:19	38503	54035	22920	1340	113
10:56:21	38506	54035	22920	1340	113
10:56:23	38504	54035	22920	1340	113
10:56:25	38505	54035	22920	1340	113
10:56:27	38502	54035	22920	1340	113
10:56:29	38505	54035	22920	1340	113
10:56:32	38505	54035	22920	1340	113
10:56:34	38508	54035	22920	1340	113
10:56:36	38508	54035	22920	1340	113
10:56:38	38507	54035	22920	1340	113
10:56:40	38507	54035	22920	1340	113
10:56:42	38508	54035	22920	1340	113
10:56:44	38508	54035	22920	1340	113
10:56:46	38511	54035	22920	1340	113
10:56:48	38511	54035	22920	1340	113
10:56:50	38509	54035	22920	1340	113
10:56:52	38469	54035	22920	1340	113
10:56:54	38468	54035	22920	1340	113
10:56:56	38467	54035	22920	1340	113
10:56:58	38466	54035	22920	1340	113
10:57:00	38467	54035	22920	1340	113
10:57:02	38467	54035	22920	1340	113
10:57:04	38467	54035	22920	1340	113
10:57:06	38468	54035	22920	1340	113
10:57:08	38468	54035	22920	1340	113
10:57:12	38461	54035	22920	1340	113
10:57:14	38461	54035	22920	1340	113
10:57:16	38455	54035	22920	1340	113
10:57:18	38456	54035	22920	1340	113
10:57:21	38454	54035	22920	1340	113
10:57:23	38456	54035	22920	1340	113
10:57:25	38457	54035	22920	1340	113
10:57:27	38458	54035	22920	1340	113
10:57:29	38459	54035	22920	1340	113
10:57:31	38462	54035	22920	1340	113
10:57:33	38504	54035	22920	1340	113
10:57:35	38504	54035	22920	1340	113
10:57:37	38504	54035	22920	1340	113
10:57:39	38505	54035	22920	1340	113
10:57:41	38503	54035	22920	1340	113
10:57:43	38504	54035	22920	1340	113
10:57:45	38500	54035	22920	1340	113
10:57:47	38499	54035	22920	1340	113
10:57:49	38496	54035	22920	1340	113
10:57:51	38494	54035	22920	1340	113
10:57:53	38493	54035	22920	1340	113
10:57:55	38494	54035	22920	1340	113
10:57:57	38497	54035	22920	1340	113
10:57:59	38397	54035	22934	1342	113
10:58:01	38389	54035	22957	1342	113
10:58:03	38420	54035	22952	1342	113
10:58:05	38409	54035	22975	1342	113
10:58:07	38412	54035	22957	1342	113
10:58:09	38442	54035	22934	1342	113
10:58:11	38448	54035	22944	1342	113
10:58:14	38440	54035	22963	1342	113
10:58:16	38412	54035	23003	1342	113
10:58:18	38413	53475	23003	1342	113
10:58:20	38454	54035	23023	1342	113
10:58:22	38375	54035	23008	1342	113
10:58:24	38393	54035	22988	1342	113
10:58:26	38371	54035	23007	1342	113
10:58:28	38292	54035	23010	1342	113
10:58:30	38293	54035	23012	1342	113
10:58:32	38316	54035	23012	1342	113
10:58:34	38255	54035	23012	1342	113
10:58:36	38263	54035	23012	1342	113
10:58:38	38265	54035	23012	1342	113
10:58:40	38275	54035	23009	1342	113
10:58:42	38282	54035	23009	1342	113
10:58:44	38287	54035	23009	1342	113
10:58:46	38286	54035	23009	1342	113
10:58:48	38291	54035	23009	1342	113
10:58:50	38290	54035	23009	1342	113
10:58:52	38293	54035	23009	1342	113
10:58:54	38295	54035	23009	1342	113
10:58:56	38298	54035	23009	1342	113
10:58:58	38299	54035	23009	1342	113
10:59:00	38294	54035	23009	1342	113
10:59:02	38293	54035	23009	1342	113
10:59:04	38297	54035	23009	1342	113
10:59:06	38296	54035	23009	1342	113
10:59:08	38293	54035	23009	1342	113
10:59:11	38297	54035	23009	1342	113
10:59:13	38298	54035	23009	1342	113
10:59:15	38297	54035	23009	1342	113
10:59:17	38294	54035	23009	1342	113
10:59:19	38294	54035	23009	1342	113
10:59:21	38016	54035	23284	1342	113
10:59:23	38018	54035	23284	1342	113
10:59:25	38018	54035	23284	1342	113
10:59:27	38018	54035	23284	1342	113
10:59:29	38018	54035	23284	1342	113
10:59:31	38018	54035	23284	1342	113
10:59:33	38017	54035	23284	1342	113
10:59:35	38016	54035	23284	1342	113
10:59:37	38016	54035	23284	1342	113
10:59:40	38017	54035	23284	1342	113
10:59:42	38015	54035	23284	1342	113
10:59:44	38015	54035	23284	1342	113
10:59:46	38015	54035	23284	1342	113
10:59:48	38015	54035	23284	1342	113
10:59:50	38015	54035	23284	1342	113
10:59:52	38018	54035	23284	1342	113
10:59:54	38019	54035	23284	1342	113
10:59:56	38020	54035	23284	1342	113
10:59:58	38022	54035	23284	1342	113
11:00:00	38023	54035	23284	1342	113
11:00:02	38023	54035	23284	1342	113
11:00:04	38023	54035	23284	1342	113
11:00:06	38024	54035	23284	1342	113
11:00:08	38025	54035	23284	1342	113
11:00:10	38026	54035	23284	1342	113
11:00:12	38026	54035	23284	1342	113
11:00:15	38023	54035	23284	1342	113
11:00:17	38021	54035	23284	1342	113
11:00:19	38021	54035	23284	1342	113
11:00:21	38024	54035	23284	1342	113
11:00:23	38023	54035	23284	1342	113
11:00:25	38025	54035	23284	1342	113
11:00:27	38022	54035	23284	1342	113
11:00:29	38022	54035	23284	1342	113
11:00:31	38017	54035	23284	1342	113
11:00:33	38021	54035	23284	1342	113
11:00:35	38021	54035	23284	1342	113
11:00:37	38020	54035	23284	1342	113
11:00:39	38021	54035	23284	1342	113
11:00:41	38015	54035	23284	1342	113
11:00:43	38016	54035	23284	1342	113
11:00:45	38016	54035	23284	1342	113
11:00:47	38018	54035	23284	1342	113
11:00:50	38019	54035	23284	1342	113
11:00:52	38021	54035	23284	1342	113
11:00:54	38022	54035	23284	1342	113
11:00:56	38021	54035	23284	1342	113
11:00:58	38021	54035	23284	1342	113
11:01:00	38024	54035	23284	1342	113
11:01:02	38023	54035	23284	1342	113
11:01:04	38023	54035	23284	1342	113
11:01:06	38023	54035	23284	1342	113
11:01:08	38022	54035	23284	1342	113
11:01:10	38025	54035	23284	1342	113
11:01:12	38026	54035	23284	1342	113
11:01:14	38268	54035	23042	1342	113
11:01:16	38268	54035	23042	1342	113
11:01:18	38267	54035	23042	1342	113
11:01:20	38263	54035	23042	1342	113
11:01:22	38266	54035	23042	1342	113
11:01:24	38265	54035	23042	1342	113
11:01:26	38200	54035	23110	1342	113
11:01:29	38198	54035	23110	1342	113
11:01:31	38195	54035	23110	1342	113
11:01:33	38193	54035	23110	1342	113
11:01:35	38195	54035	23110	1342	113
11:01:37	38198	54035	23110	1342	113
11:01:39	38262	54035	23042	1342	113
11:01:41	38264	54035	23042	1342	113
11:01:43	38265	54035	23042	1342	113
11:01:45	38266	54035	23042	1342	113
11:01:47	38266	54035	23042	1342	113
11:01:49	38261	54035	23042	1342	113
11:01:51	38258	54035	23042	1342	113
11:01:53	38259	54035	23042	1342	113
11:01:55	38261	54035	23042	1342	113
11:01:57	38262	54035	23042	1342	113
11:01:59	38263	54035	23042	1342	113
11:02:01	38263	54035	23042	1342	113
11:02:03	38264	54035	23042	1342	113
11:02:05	38265	54035	23042	1342	113
11:02:07	38263	54035	23042	1342	113
11:02:09	38261	54035	23042	1342	113
11:02:11	38266	54035	23042	1342	113
11:02:13	37840	54035	23052	1342	113
11:02:15	37859	54035	23087	1342	113
11:02:17	37883	54035	23081	1342	113
11:02:20	37908	54035	23071	1342	113
11:02:22	37925	54035	23071	1342	113
11:02:24	37940	54035	23071	1342	113
11:02:26	37954	54035	23071	1342	113
11:02:28	37970	54035	23071	1342	113
11:02:30	37996	54035	23071	1342	113
11:02:32	38013	54035	23071	1342	113
11:02:34	38028	54035	23071	1342	113
11:02:36	38043	54035	23071	1342	113
11:02:38	38059	54035	23071	1342	113
11:02:40	38076	54035	23071	1342	113
11:02:42	38093	54035	23071	1342	113
11:02:44	38109	54035	23071	1342	113
11:02:46	38124	54035	23071	1342	113
11:02:48	38139	54035	23071	1342	113
11:02:50	38149	54035	23071	1342	113
11:02:52	38168	54035	23071	1342	113
11:02:54	38183	54035	23071	1342	113
11:02:56	38198	54035	23071	1342	113
11:02:58	38215	54035	23071	1342	113
11:03:00	38562	54035	23071	1342	113
11:03:02	38197	54035	23071	1342	113
11:03:04	38208	54035	23071	1342	113
11:03:06	38215	54035	23071	1342	113
11:03:08	38221	54035	23071	1342	113
11:03:11	38228	54035	23071	1342	113
11:03:13	38234	54035	23071	1342	113
11:03:15	38234	54035	23071	1342	113
11:03:17	38233	54035	23071	1342	113
11:03:19	38237	54035	23071	1342	113
11:03:22	38234	54035	23071	1342	113
11:03:24	38236	54035	23071	1342	113
11:03:26	38233	54035	23071	1342	113
11:03:28	38236	54035	23071	1342	113
11:03:30	38236	54035	23071	1342	113
11:03:32	38238	54035	23071	1342	113
11:03:34	38239	54035	23071	1342	113
11:03:36	38240	54035	23071	1342	113
11:03:38	38286	54035	23071	1342	113
11:03:40	38285	54035	23071	1342	113
11:03:42	38285	54035	23071	1342	113
11:03:44	38287	54035	23071	1342	113
11:03:46	38291	54035	23071	1342	113
11:03:48	38292	54035	23071	1342	113
11:03:50	38296	54035	23071	1342	113
11:03:52	38298	54035	23071	1342	113
11:03:54	38295	54035	23071	1342	113
11:03:56	38296	54035	23071	1342	113
11:03:58	38296	54035	23071	1342	113
11:04:00	38296	54035	23071	1342	113
11:04:02	38296	54035	23071	1342	113
11:04:04	38295	54035	23071	1342	113
11:04:06	38296	54035	23071	1342	113
11:04:08	38293	54035	23071	1342	113
11:04:11	38293	54035	23071	1342	113
11:04:13	38291	54035	23071	1342	113
11:04:15	38245	54035	23121	1342	113
11:04:17	38310	54035	22964	1343	113
11:04:19	38313	54035	22990	1343	113
11:04:21	38322	54035	22991	1343	113
11:04:23	38304	54035	23011	1343	113
11:04:25	38306	54035	23011	1343	113
11:04:27	38328	54035	22992	1343	113
11:04:29	38317	54035	23019	1343	113
11:04:31	39304	53961	23037	1343	113
11:04:33	38319	54035	23019	1343	113
11:04:35	38338	54035	23019	1343	113
11:04:37	38338	54035	23020	1343	113
11:04:40	38313	54035	23038	1343	113
11:04:42	38327	54035	23020	1343	113
11:04:44	38327	54035	23020	1343	113
