block,agree? (y/n/?),label_4b,reason_4b,score,score_rank,snippet?,task,question,title,url
A: would be fetched,,adjacent,Discusses plant phenomics trends but lacks agricultural engineering control theory.,0.625,3,yes,65,"As an agricultural engineering researcher focusing on 3D reconstruction and phenotypic analysis of crop grains, please develop a design report utilizi","The evolution of plant phenomics: global insights, trends, and ...",https://pmc.ncbi.nlm.nih.gov/articles/PMC11298374
A: would be fetched,,on-topic,"Discusses HGT in plants, animals, and fungi with evolutionary context.",0.591,2,yes,58,"Exploring Horizontal Gene Transfer (HGT) in Plants and animals (ie Non-Microbial Systems)
You could examine instances of horizontal gene transfer in e",Horizontal Gene Transfer Happens More Often Than Anyone Thought | The Scientist,https://www.the-scientist.com/horizontal-gene-transfer-happens-more-often-than-anyone-thought-70118
A: would be fetched,,adjacent,Discusses MCP but does not cover the A2A protocol or their comparison.,0.375,4,yes,69,Please provide a detailed explanation of the differences and connections between Google's recently released A2A protocol and the MCP protocol. Further,Model Context Protocol (MCP): A New Standard for AI Application and External Data Integration – Model Context ,https://modelcontextprotocol.info/blog/mcp-guide
A: would be fetched,,off,"Focuses on more than two bidders, not the specific two-bidder asymmetric case asked.",0.552,3,yes,56,Is there a general method for solving a first-price sealed-bid auction with two bidders who have independent private values drawn from different distr,Asymmetric Auctions with More Than Two Bidders,https://www.uoguelph.ca/economics/repec/workingpapers/2015/2015-02.pdf
A: would be fetched,,adjacent,Discusses general auction theory but lacks specific asymmetric IPV solution methods.,0.400,4,yes,56,Is there a general method for solving a first-price sealed-bid auction with two bidders who have independent private values drawn from different distr,[PDF] Lecture 6 - Optimal Auctions Continued,https://users.ssc.wisc.edu/~dquint/econ698/lecture%206.pdf
A: would be fetched,,adjacent,Discusses symptom frequency but lacks practical intervention advice for families.,0.667,4,no,78,Parkinson's disease has a profound impact on patients. What are the potential health warning signs associated with different stages of the disease? As,Frontiers | Frequency of Non-motor Symptoms in Parkinson's Patients With Motor Fluctuations,https://www.frontiersin.org/journals/neurology/articles/10.3389/fneur.2021.678373/full
A: would be fetched,,off,Market report lacks technical control theory and 3D reconstruction design details.,0.455,1,no,65,"As an agricultural engineering researcher focusing on 3D reconstruction and phenotypic analysis of crop grains, please develop a design report utilizi",Precision Agriculture Market Growth Analysis - Size and Forecast 2025-2029 | Technavio | Technavio,https://www.technavio.com/report/precision-agriculture-market-industry-analysis
A: would be fetched,,on-topic,"Directly addresses ADAS liability, types of systems, and legal context.",0.533,1,yes,90,Analyze the complex issue of liability allocation in accidents involving vehicles with advanced driver-assistance systems (ADAS) operating in a shared,Liability for Defective Advanced Driver Assistance Systems,https://www.hurwitzfine.com/blog/liability-for-defective-advanced-driver-assistance-systems
A: would be fetched,,on-topic,Directly addresses bird navigation cues and migration mechanisms.,0.474,2,yes,59,"In ecology, how do birds achieve precise location and direction navigation during migration? What cues and disturbances influence this process?","Multi-modal, interrelated navigation in migratory birds",https://www.sciencedirect.com/science/article/pii/S1574954125002274
A: would be fetched,,off,Search strategy guide unrelated to agricultural engineering or crop grain research.,0.692,2,yes,65,"As an agricultural engineering researcher focusing on 3D reconstruction and phenotypic analysis of crop grains, please develop a design report utilizi",Write a Search Strategy - Evidence Synthesis in the Social Sciences - LibGuides at Arizona State University,https://libguides.asu.edu/evidence_synthesis/search-strategy
A: would be fetched,,on-topic,Directly addresses asymmetric bidders in first-price auctions.,0.556,4,no,56,Is there a general method for solving a first-price sealed-bid auction with two bidders who have independent private values drawn from different distr,Robust Bidding in First-Price Auctions:,https://kasberger.github.io/assets/pdf/fpa_robust.pdf
A: would be fetched,,adjacent,Provides 3D reconstruction context but lacks modern control theory design.,0.436,2,yes,65,"As an agricultural engineering researcher focusing on 3D reconstruction and phenotypic analysis of crop grains, please develop a design report utilizi",Applications of 3D Reconstruction Techniques in Crop Canopy Phenotyping: A Review,https://www.mdpi.com/2073-4395/15/11/2518
A: would be fetched,,on-topic,Directly addresses HGT in land plants with evolutionary significance.,0.429,2,no,58,"Exploring Horizontal Gene Transfer (HGT) in Plants and animals (ie Non-Microbial Systems)
You could examine instances of horizontal gene transfer in e",Major episodes of horizontal gene transfer drove the evolution of land plants. - Abstract,https://europepmc.org/article/med/35235827
A: would be fetched,,adjacent,"Discusses symmetric implementation for heterogeneous buyers, not general asymmetric auction solutions.",0.586,3,yes,56,Is there a general method for solving a first-price sealed-bid auction with two bidders who have independent private values drawn from different distr,SYMMETRIC AUCTIONS,https://economics.yale.edu/sites/default/files/symmetric_0.pdf
"B: on-topic, NOT fetched",,on-topic,Directly addresses HGT in animals (insects) with insights into origins and functions.,0.286,32,no,58,"Exploring Horizontal Gene Transfer (HGT) in Plants and animals (ie Non-Microbial Systems)
You could examine instances of horizontal gene transfer in e","Horizontal gene transfer in insects: Insights into origins, detection, and functional roles",https://www.the-innovation.org/article/doi/10.59717/j.xinn-life.2026.100223
"B: on-topic, NOT fetched",,on-topic,"Article directly explains A2A protocol, its innovations, and comparisons to other agent standards.",0.150,59,no,69,Please provide a detailed explanation of the differences and connections between Google's recently released A2A protocol and the MCP protocol. Further,A2A Protocol v1 2026: How AI Agents Actually Talk to Each ...,https://pub.towardsai.net/a2a-protocol-v1-2026-how-ai-agents-actually-talk-to-each-other-c500079bca73
"B: on-topic, NOT fetched",,on-topic,Directly compares A2A and MCP protocols with detailed specifications.,0.235,30,no,69,Please provide a detailed explanation of the differences and connections between Google's recently released A2A protocol and the MCP protocol. Further,The 2026-07-28 Specification | Model Context Protocol Blog,https://blog.modelcontextprotocol.io/posts/2026-07-28
"B: on-topic, NOT fetched",,on-topic,Directly addresses HGT in animals (insects) and its evolutionary function.,0.235,41,no,58,"Exploring Horizontal Gene Transfer (HGT) in Plants and animals (ie Non-Microbial Systems)
You could examine instances of horizontal gene transfer in e",HGT is widespread in insects and contributes to male courtship in lepidopterans,https://pmc.ncbi.nlm.nih.gov/articles/PMC9357157
"B: on-topic, NOT fetched",,on-topic,Directly addresses scaling ion trap quantum computing via surface code error suppression.,0.136,60,no,62,What are the most effective approaches to scaling ion trap quantum computing from small-scale demonstration projects to large-scale systems capable of,Suppressing quantum errors by scaling a surface code logical ...,https://pmc.ncbi.nlm.nih.gov/articles/PMC9946823
"B: on-topic, NOT fetched",,on-topic,Directly addresses HGT mechanisms and impact in plant functional evolution.,0.357,14,no,58,"Exploring Horizontal Gene Transfer (HGT) in Plants and animals (ie Non-Microbial Systems)
You could examine instances of horizontal gene transfer in e","Mechanisms, detection, and impact of horizontal gene transfer in plant functional evolution",https://pmc.ncbi.nlm.nih.gov/articles/PMC12448838
"B: on-topic, NOT fetched",,on-topic,"Covers signs, symptoms, and DBS-related advice for Parkinson's disease.",0.333,54,no,78,Parkinson's disease has a profound impact on patients. What are the potential health warning signs associated with different stages of the disease? As,"Understanding the Signs, Symptoms, and Treatment of ...",https://www.bumrungrad.com/en/health-blog/april-2026/understanding-signs-symptoms-treatment-parkinson-disease
"B: on-topic, NOT fetched",,on-topic,Official A2A protocol repository directly addresses the user's research question.,0.176,48,no,69,Please provide a detailed explanation of the differences and connections between Google's recently released A2A protocol and the MCP protocol. Further,Agent2Agent (A2A) is an open protocol enabling ...,https://github.com/a2aproject/A2A
"B: on-topic, NOT fetched",,on-topic,Directly addresses HGT in plants and evolutionary significance.,0.286,26,no,58,"Exploring Horizontal Gene Transfer (HGT) in Plants and animals (ie Non-Microbial Systems)
You could examine instances of horizontal gene transfer in e",Widespread impact of horizontal gene transfer on plant ...,https://thescholarship.ecu.edu/bitstreams/a19e875b-66b9-4fca-9ddc-585d665b3ab8/download
"B: on-topic, NOT fetched",,on-topic,"Directly lists handheld POS devices with specs, use cases, and market analysis.",0.250,17,no,83,"Acting as a senior hardware product manager, conduct in-depth research on tablet-style devices used for payments or SaaS applications. Your report sho",Top 7 Handheld POS Systems for 2026 | Best Mobile Point of Sale,https://www.limelightpayments.com/blog/top-7-handheld-pos-systems-for-2026
"B: on-topic, NOT fetched",,on-topic,Directly addresses HGT distribution across eukaryotic kingdoms including plants and animals.,0.158,17,no,58,"Exploring Horizontal Gene Transfer (HGT) in Plants and animals (ie Non-Microbial Systems)
You could examine instances of horizontal gene transfer in e",Distribution of HGT events across the different eukaryotic...,https://www.researchgate.net/figure/Distribution-of-HGT-events-across-the-different-eukaryotic-superkingdoms-Distribution-of_fig2_311779001
"B: on-topic, NOT fetched",,on-topic,"Directly addresses qubit gate error, a critical factor in scaling ion trap quantum computing.",0.143,52,no,62,What are the most effective approaches to scaling ion trap quantum computing from small-scale demonstration projects to large-scale systems capable of,"Oxford Achieves 10⁻⁷-Level Qubit Gate Error, Shattering Quantum Fidelity Records",https://postquantum.com/quantum-research/oxford-qubit-gate-error
"B: on-topic, NOT fetched",,on-topic,Directly addresses tort liability and legal frameworks for autonomous vehicles.,0.111,48,no,90,Analyze the complex issue of liability allocation in accidents involving vehicles with advanced driver-assistance systems (ADAS) operating in a shared,Comparing Tort Liability Frameworks in Autonomous Vehicle Accident Governance,https://www.mdpi.com/2032-6653/17/1/32
"C: off-topic, fetched",,off,"Focuses on more than two bidders, not the specific two-bidder asymmetric case asked.",0.552,3,yes,56,Is there a general method for solving a first-price sealed-bid auction with two bidders who have independent private values drawn from different distr,Asymmetric Auctions with More Than Two Bidders,https://www.uoguelph.ca/economics/repec/workingpapers/2015/2015-02.pdf
"C: off-topic, fetched",,off,"This page discusses paper metadata APIs, not agricultural engineering design reports.",0.769,1,yes,65,"As an agricultural engineering researcher focusing on 3D reconstruction and phenotypic analysis of crop grains, please develop a design report utilizi",Research Paper APIs for Scientific Literature in 2026 | IntuitionLabs,https://intuitionlabs.ai/articles/research-paper-apis-scientific-literature
"C: off-topic, fetched",,off,"Focuses on POS terminals, not tablet-style devices for SaaS or payments.",0.357,3,no,83,"Acting as a senior hardware product manager, conduct in-depth research on tablet-style devices used for payments or SaaS applications. Your report sho","Point of Sale (POS) Terminal Market Size, Share, Growth ...",https://www.marketreportsworld.com/market-reports/point-of-sale-pos-terminal-market-14728800
"C: off-topic, fetched",,off,"Discusses multi-object auctions, not the specific single-item asymmetric case asked.",0.550,2,yes,56,Is there a general method for solving a first-price sealed-bid auction with two bidders who have independent private values drawn from different distr,[PDF] Optimal Multi-Object Auctions - kyle woodward,https://kylewoodward.com/blog-data/pdfs/references/armstrong-the-review-of-economic-studies-2000A.pdf
"C: off-topic, fetched",,off,"Focuses on POS terminals, not tablet-style devices for SaaS or payments.",0.429,1,no,83,"Acting as a senior hardware product manager, conduct in-depth research on tablet-style devices used for payments or SaaS applications. Your report sho",Trends in Global Point-Of-Sale (POS) Terminals Market ...,https://www.linkedin.com/pulse/trends-global-point-of-sale-pos-terminals-market-share-demand-uwt1e
"C: off-topic, fetched",,off,Medical literature unrelated to agricultural engineering or crop grain research.,0.615,3,yes,65,"As an agricultural engineering researcher focusing on 3D reconstruction and phenotypic analysis of crop grains, please develop a design report utilizi","The Role of Title, Metadata and Abstract in Identifying Clinically Relevant Journal Articles",https://pmc.ncbi.nlm.nih.gov/articles/PMC1560462
"C: off-topic, fetched",,off,"Focuses only on POS terminals, missing tablet payment/SaaS devices and global regions.",0.350,4,no,83,"Acting as a senior hardware product manager, conduct in-depth research on tablet-style devices used for payments or SaaS applications. Your report sho",North America Retail Point-of-Sale (POS) Terminals Market Share,https://www.linkedin.com/pulse/north-america-retail-point-of-sale-pos-terminals-bfglf
"C: off-topic, fetched",,off,Market report lacks technical control theory and 3D reconstruction design details.,0.455,1,no,65,"As an agricultural engineering researcher focusing on 3D reconstruction and phenotypic analysis of crop grains, please develop a design report utilizi",Precision Agriculture Market Growth Analysis - Size and Forecast 2025-2029 | Technavio | Technavio,https://www.technavio.com/report/precision-agriculture-market-industry-analysis
"C: off-topic, fetched",,off,"Discusses takeover auctions, not general first-price sealed-bid auction theory.",0.450,3,yes,56,Is there a general method for solving a first-price sealed-bid auction with two bidders who have independent private values drawn from different distr,[PDF] Strategic and Financial Bidders in Takeover Auctions,https://valueplan.wordpress.com/wp-content/uploads/2015/07/strategic-and-financial-bidders-in-takeover-auctions.pdf
"C: off-topic, fetched",,off,Search strategy guide unrelated to agricultural engineering or crop grain research.,0.692,2,yes,65,"As an agricultural engineering researcher focusing on 3D reconstruction and phenotypic analysis of crop grains, please develop a design report utilizi",Write a Search Strategy - Evidence Synthesis in the Social Sciences - LibGuides at Arizona State University,https://libguides.asu.edu/evidence_synthesis/search-strategy
