L1	chat-ask	1791589760.842817459	1791590063.069339012	20261009-164921
L1	throughput	1791590063.075457721	1791590184.985540585	20261009-165423
L1	routing	1791590184.991238171	1791590210.005915216	20261009-165625
L1	retrieval-prod	1791590210.009396762	1791590451.462436817	20261009-165650
L1	enrichment-f1	1791590451.467364731	1791590452.032990620	20261009-170051
L1	chaos-monkey	1791590452.037591587	1791590580.674645397	20261009-170052
L1	knowledge-gym	1791590580.679190659	1791590635.488378410	20261009-170300
L1	synth	1791590635.492965431	1791590917.263721928	20261009-170355
L2	chat-ask	1791590947.897577684	1791591215.464961140	20261009-170907
L2	throughput	1791591215.470162809	1791591302.345621177	20261009-171335
L2	routing	1791591302.351195066	1791591323.013336261	20261009-171502
L2	retrieval-prod	1791591323.016873087	1791591559.393024662	20261009-171523
L2	enrichment-f1	1791591559.398045451	1791591559.731110665	20261009-171919
L2	chaos-monkey	1791591559.735706284	1791591684.414872121	20261009-171919
L2	knowledge-gym	1791591684.419588897	1791591734.440426217	20261009-172124
L2	synth	1791591734.445012123	1791592016.897328479	20261009-172214
R1	chat-ask	1791592079.970853274	1791592367.487387132	20261009-172800
R1	throughput	1791592367.492599489	1791592566.227481540	20261009-173247
R1	routing	1791592566.232678268	1791592590.845427624	20261009-173606
R1	retrieval-prod	1791592590.854809111	1791592826.211052223	20261009-173630
R1	enrichment-f1	1791592826.215689789	1791592826.562969872	20261009-174026
R1	chaos-monkey	1791592826.567745348	1791593173.433883125	20261009-174026
R1	knowledge-gym	1791593173.439128396	1791593302.155874510	20261009-174613
R1	synth	1791593302.160491007	1791593721.255258343	20261009-174822
R2	chat-ask	1791593807.362575178	1791594081.190416229	20261009-175647
R2	throughput	1791594081.194954324	1791594265.845328258	20261009-180121
R2	routing	1791594265.850388487	1791594291.473067920	20261009-180425
R2	retrieval-prod	1791594291.480166862	1791594528.558063944	20261009-180451
R2	enrichment-f1	1791594528.563492797	1791594528.899417358	20261009-180848
R2	chaos-monkey	1791594528.903340623	1791594868.464905595	20261009-180848
R2	knowledge-gym	1791594868.473183783	1791594968.978868912	20261009-181428
R2	synth	1791594968.983636474	1791595448.591411174	20261009-181609
R1b	chat-ask	1791595467.026634031	1791595722.581255797	20261009-182427
R1b	throughput	1791595722.586909630	1791595792.163126727	20261009-182842
R1b	routing	1791595792.169169282	1791595812.762434576	20261009-182952
R1b	retrieval-prod	1791595812.768134045	1791596045.236015322	20261009-183012
R1b	enrichment-f1	1791596045.241136898	1791596045.577893907	20261009-183405
R1b	chaos-monkey	1791596045.583541193	1791596203.659166727	20261009-183405
R1b	knowledge-gym	1791596203.664499240	1791596259.731232039	20261009-183643
R1b	synth	1791596259.736647789	1791596644.841948759	20261009-183739
